url,status,error_message,title,perma_link
















































https://forum.heliumtrades.com/t/understanding-prescription-bias/56,success,,Understanding Prescription Bias - News Feed - Helium,https://perma.cc/CBC9-AZCL
https://heliumtrades.com/,success,,Helium Trades | Stock Forecasting & Balanced News Engine,https://perma.cc/YNZ5-SRHY
https://heliumtrades.com/media-bias/uk.investing.com,success,,uk.investing.com Media Bias | Helium Trades,https://perma.cc/T29W-RKF7
https://heliumtrades.com/media-bias/proactiveinvestors.com,success,,proactiveinvestors.com Media Bias | Helium Trades,https://perma.cc/2RLZ-XC3B
https://heliumtrades.com/media-bias/miragenews.com,success,,miragenews.com Media Bias | Helium Trades,https://perma.cc/Q5EZ-57VT
https://heliumtrades.com/media-bias/stockhouse.com,success,,stockhouse.com Media Bias | Helium Trades,https://perma.cc/ZPF7-6JH2
https://heliumtrades.com/media-bias/investorsobserver.com,success,,investorsobserver.com Media Bias | Helium Trades,https://perma.cc/U8VN-3CQV
https://heliumtrades.com/media-bias/marketscreener.com,success,,marketscreener.com Media Bias | Helium Trades,https://perma.cc/LY9G-VWFF
https://heliumtrades.com/media-bias/insurancenewsnet.com,success,,insurancenewsnet.com Media Bias | Helium Trades,https://perma.cc/6XC9-QNW8
https://heliumtrades.com/media-bias/investingnews.com,success,,investingnews.com Media Bias | Helium Trades,https://perma.cc/RB3A-FLD7
https://heliumtrades.com/media-bias/etftrends.com,success,,etftrends.com Media Bias | Helium Trades,https://perma.cc/KS59-ACMF
https://heliumtrades.com/media-bias/mondaq.com,success,,mondaq.com Media Bias | Helium Trades,https://perma.cc/6N8Z-9A3S
https://heliumtrades.com/media-bias/latestly.com,success,,latestly.com Media Bias | Helium Trades,https://perma.cc/WX5M-WV3Z
https://heliumtrades.com/media-bias/menafn.com,success,,menafn.com Media Bias | Helium Trades,https://perma.cc/GUZ9-JGX8
https://heliumtrades.com/media-bias/openpr.com,success,,openpr.com Media Bias | Helium Trades,https://perma.cc/3BYJ-BDS4
https://heliumtrades.com/media-bias/lelezard.com,success,,lelezard.com Media Bias | Helium Trades,https://perma.cc/TF5P-W7UN
https://heliumtrades.com/media-bias/lexology.com,success,,lexology.com Media Bias | Helium Trades,https://perma.cc/W9DV-H4D6
https://heliumtrades.com/media-bias/ncbi,success,,NCBI Media Bias | Helium Trades,https://perma.cc/YE45-U69V
https://heliumtrades.com/media-bias/fitchratings.com,success,,fitchratings.com Media Bias | Helium Trades,https://perma.cc/NGL7-7FQ2
https://heliumtrades.com/media-bias/stocksregister.com,success,,stocksregister.com Media Bias | Helium Trades,https://perma.cc/68JV-RSQ4
https://heliumtrades.com/media-bias/law360.com,success,,law360.com Media Bias | Helium Trades,https://perma.cc/YS79-SRDL
https://heliumtrades.com/media-bias/law.com,success,,law.com Media Bias | Helium Trades,https://perma.cc/LN5V-2QHQ
https://heliumtrades.com/media-bias/gurufocus.com,success,,gurufocus.com Media Bias | Helium Trades,https://perma.cc/LJR6-7EG2
https://heliumtrades.com/media-bias/beststocks.com,success,,beststocks.com Media Bias | Helium Trades,https://perma.cc/L3BE-9WME
https://heliumtrades.com/media-bias/thederrick.com,success,,thederrick.com Media Bias | Helium Trades,https://perma.cc/YV6K-7GE5
https://heliumtrades.com/media-bias/globenewswire.com,success,,globenewswire.com Media Bias | Helium Trades,https://perma.cc/92XA-66Q9
https://heliumtrades.com/media-bias/digitaljournal.com,success,,digitaljournal.com Media Bias | Helium Trades,https://perma.cc/L5CU-9KWQ
https://heliumtrades.com/media-bias/defenseworld.net,success,,defenseworld.net Media Bias | Helium Trades,https://perma.cc/6NVG-PDGS
https://heliumtrades.com/media-bias/zawya.com,success,,zawya.com Media Bias | Helium Trades,https://perma.cc/6EZ8-UVDC
https://heliumtrades.com/media-bias/einnews.com,success,,einnews.com Media Bias | Helium Trades,https://perma.cc/GLZ5-VQAU
https://heliumtrades.com/media-bias/marketbeat.com,success,,marketbeat.com Media Bias | Helium Trades,https://perma.cc/87C8-7NA4
https://heliumtrades.com/media-bias/dividendinvestor.com,success,,dividendinvestor.com Media Bias | Helium Trades,https://perma.cc/2HCY-ZEPT
https://heliumtrades.com/media-bias/marketingsentinel.com,success,,marketingsentinel.com Media Bias | Helium Trades,https://perma.cc/L7PT-NK2G
https://heliumtrades.com/media-bias/hl.co.uk,success,,hl.co.uk Media Bias | Helium Trades,https://perma.cc/4L5U-3TEN
https://heliumtrades.com/media-bias/mdpi.com,success,,mdpi.com Media Bias | Helium Trades,https://perma.cc/ZN9G-QZV9
https://heliumtrades.com/media-bias/etfdailynews.com,success,,etfdailynews.com M|H January 14 2023 8:31 pm,https://perma.cc/MA3U-7A6R
https://heliumtrades.com/media-bias/etfdailynews.com,success,,etfdailynews.com M|H January 14 2023 2:16 am,https://perma.cc/72DH-GY64
https://heliumtrades.com/media-bias/iran-press,success,,Iran Press Media Bias | Helium Trades,https://perma.cc/2CAT-MAKJ
https://heliumtrades.com/media-bias/simplywall.st,success,,simplywall.st Media Bias | Helium Trades,https://perma.cc/TCF5-F5TP
https://heliumtrades.com/media-bias/reporter.am,success,,reporter.am Media Bias | Helium Trades,https://perma.cc/62Q3-VT5K
https://heliumtrades.com/media-bias/knoxreports.com,success,,knoxreports.com Media Bias | Helium Trades,https://perma.cc/6KHH-M3UJ
https://heliumtrades.com/media-bias/zacks.com,success,,zacks.com Media Bias | Helium Trades,https://perma.cc/B3U8-FKBY
https://heliumtrades.com/media-bias/aaii.com,success,,aaii.com Media Bias | Helium Trades,https://perma.cc/NV55-MMWN
https://heliumtrades.com/media-bias/gamingideology.com,success,,gamingideology.com Media Bias | Helium Trades,https://perma.cc/6WX3-X3YN
https://heliumtrades.com/media-bias/reliefweb.int,success,,reliefweb.int Media Bias | Helium Trades,https://perma.cc/UA95-JGCY
https://heliumtrades.com/media-bias/bakersfield.com,success,,bakersfield.com Media Bias | Helium Trades,https://perma.cc/KD5P-TR49
https://heliumtrades.com/media-bias/morningstar,success,,MorningStar Media Bias | Helium Trades,https://perma.cc/7A5K-56ZB
https://heliumtrades.com/media-bias/arxiv,success,,arXiv Media Bias | Helium Trades,https://perma.cc/Q39J-SAGP
https://heliumtrades.com/media-bias/reliefweb.int,success,,reliefweb.int Media Bias | Helium Trades,https://perma.cc/ZWK4-AHU4
https://heliumtrades.com/media-bias/tipranks.com,success,,tipranks.com Media Bias | Helium Trades,https://perma.cc/NK8E-CERN
https://heliumtrades.com/media-bias/accesswire.com,success,,accesswire.com Media Bias | Helium Trades,https://perma.cc/T6JV-XDXG
https://heliumtrades.com/media-bias/tehran-times,success,,Tehran Times Media Bias | Helium Trades,https://perma.cc/P842-9V2L
https://heliumtrades.com/media-bias/trial-site-news,success,,Trial Site News Media Bias | Helium Trades,https://perma.cc/R3M2-GUD4
https://heliumtrades.com/media-bias/businesswire.com,success,,businesswire.com Media Bias | Helium Trades,https://perma.cc/VN3C-QUJ9
https://heliumtrades.com/media-bias/calculatedriskblog.com,success,,calculatedriskblog.com Media Bias | Helium Trades,https://perma.cc/E9TX-FSC9
https://heliumtrades.com/media-bias/devdiscourse.com,success,,devdiscourse.com Media Bias | Helium Trades,https://perma.cc/4YDL-7CA9
https://heliumtrades.com/media-bias/eurekalert.org,success,,eurekalert.org Media Bias | Helium Trades,https://perma.cc/5RD9-YK2X
https://heliumtrades.com/media-bias/outlookindia.com,success,,outlookindia.com Media Bias | Helium Trades,https://perma.cc/V4CW-EXYY
https://heliumtrades.com/media-bias/prnewswire.com,success,,prnewswire.com Media Bias | Helium Trades,https://perma.cc/TFX3-5H3E
https://heliumtrades.com/media-bias/nasdaq.com,success,,nasdaq.com Media Bias | Helium Trades,https://perma.cc/V9GJ-RB46
https://heliumtrades.com/media-bias/prweb.com,success,,prweb.com Media Bias | Helium Trades,https://perma.cc/M9FY-PG6P
https://heliumtrades.com/media-bias/investing.com,success,,investing.com Media Bias | Helium Trades,https://perma.cc/LJH5-GVKL
https://heliumtrades.com/media-bias/analyticsinsight.net,success,,analyticsinsight.net Media Bias | Helium Trades,https://perma.cc/32TF-V2D5
https://heliumtrades.com/media-bias/fool.com,success,,fool.com Media Bias | Helium Trades,https://perma.cc/ABM9-VK9P
https://heliumtrades.com/media-bias/news.bloomberglaw.com,success,,news.bloomberglaw.com Media Bias | Helium Trades,https://perma.cc/P6J8-PVJV
https://heliumtrades.com/media-bias/futurity,success,,Futurity Media Bias | Helium Trades,https://perma.cc/2Y3G-FVPS
https://heliumtrades.com/media-bias/journalreview.com,success,,journalreview.com Media Bias | Helium Trades,https://perma.cc/K5ZU-4TCT
https://heliumtrades.com/media-bias/seekingalpha.com,success,,seekingalpha.com Media Bias | Helium Trades,https://perma.cc/55KK-KTD6
https://heliumtrades.com/media-bias/science-magazine,success,,Science Magazine Media Bias | Helium Trades,https://perma.cc/5C9D-65ED
https://heliumtrades.com/media-bias/genome-web,success,,Genome Web Media Bias | Helium Trades,https://perma.cc/7M5X-PK3C
https://heliumtrades.com/media-bias/tribuneindia.com,success,,tribuneindia.com Media Bias | Helium Trades,https://perma.cc/ZD7P-SENX
https://heliumtrades.com/media-bias/benzinga.com,success,,benzinga.com Media Bias | Helium Trades,https://perma.cc/LE69-3M7M
https://heliumtrades.com/media-bias/the-new-american,success,,The New American Media Bias | Helium Trades,https://perma.cc/YZ3Q-T9W5
https://heliumtrades.com/media-bias/thisdaylive.com,success,,thisdaylive.com Media Bias | Helium Trades,https://perma.cc/64M5-9XVG
https://heliumtrades.com/media-bias/pymnts.com,success,,pymnts.com Media Bias | Helium Trades,https://perma.cc/7CRM-K76X
https://heliumtrades.com/media-bias/wealthmanagement.com,success,,wealthmanagement.com Media Bias | Helium Trades,https://perma.cc/DX5M-QBX3
https://heliumtrades.com/media-bias/arkansasonline.com,success,,arkansasonline.com Media Bias | Helium Trades,https://perma.cc/NWL5-VXYR
https://heliumtrades.com/media-bias/endpoints,success,,Endpoints Media Bias | Helium Trades,https://perma.cc/EEB7-5YVX
https://heliumtrades.com/media-bias/taiwannews.com.tw,success,,taiwannews.com.tw Media Bias | Helium Trades,https://perma.cc/MG59-Z8ND
https://heliumtrades.com/media-bias/cartermatt.com,success,,cartermatt.com Media Bias | Helium Trades,https://perma.cc/67AR-KPUD
https://heliumtrades.com/media-bias/real-clear-politics,success,,Real Clear Politics Media Bias | Helium Trades,https://perma.cc/SW3S-QAUE
https://heliumtrades.com/media-bias/msn,success,,MSN Media Bias | Helium Trades,https://perma.cc/LSR7-3AWX
https://heliumtrades.com/media-bias/business-standard.com,success,,business-standard.com Media Bias | Helium Trades,https://perma.cc/J2VM-YHXB
https://heliumtrades.com/media-bias/fiercebiotech.com,success,,fiercebiotech.com Media Bias | Helium Trades,https://perma.cc/UY4Q-6MDK
https://heliumtrades.com/media-bias/financialexpress.com,success,,financialexpress.com Media Bias | Helium Trades,https://perma.cc/3QX8-N24C
https://heliumtrades.com/media-bias/reddit,success,,Reddit Media Bias | Helium Trades,https://perma.cc/P9WL-PE67
https://heliumtrades.com/media-bias/beincrypto.com,success,,beincrypto.com Media Bias | Helium Trades,https://perma.cc/GH6T-ULH8
https://heliumtrades.com/media-bias/economictimes.indiatimes.com,success,,economictimes.indiatimes.com Media Bias | Helium Trades,https://perma.cc/D3X2-FNRP
https://heliumtrades.com/media-bias/fiercehealthcare.com,success,,fiercehealthcare.com Media Bias | Helium Trades,https://perma.cc/JBV4-JFDM
https://heliumtrades.com/media-bias/bmj,success,,BMJ Media Bias | Helium Trades,https://perma.cc/X6U9-RQGZ
https://heliumtrades.com/media-bias/sunjournal.com,success,,sunjournal.com Media Bias | Helium Trades,https://perma.cc/MXU2-UEZE
https://heliumtrades.com/media-bias/thehindu.com,success,,thehindu.com Media Bias | Helium Trades,https://perma.cc/9TPK-PKYU
https://heliumtrades.com/media-bias/sportingnews.com,success,,sportingnews.com Media Bias | Helium Trades,https://perma.cc/LX8J-YU2F
https://heliumtrades.com/media-bias/watcher,success,,Watcher Media Bias | Helium Trades,https://perma.cc/LLW7-84CK
https://heliumtrades.com/media-bias/barrons,success,,Barrons Media Bias | Helium Trades,https://perma.cc/5UUT-BNEM
https://heliumtrades.com/media-bias/fiercepharma.com,success,,fiercepharma.com Media Bias | Helium Trades,https://perma.cc/RZ3Z-KD55
https://heliumtrades.com/media-bias/fxstreet.com,success,,fxstreet.com Media Bias | Helium Trades,https://perma.cc/D7F4-PJ3Q
https://heliumtrades.com/media-bias/livemint.com,success,,livemint.com Media Bias | Helium Trades,https://perma.cc/DNK8-9YAM
https://heliumtrades.com/media-bias/legacy.com,success,,legacy.com Media Bias | Helium Trades,https://perma.cc/H2JK-49HZ
https://heliumtrades.com/media-bias/abqjournal.com,success,,abqjournal.com Media Bias | Helium Trades,https://perma.cc/RAW6-GAQL
https://heliumtrades.com/media-bias/boston-herald,success,,Boston Herald Media Bias | Helium Trades,https://perma.cc/J89U-XRPW
https://heliumtrades.com/media-bias/nature,success,,Nature Media Bias | Helium Trades,https://perma.cc/3Q54-DHQP
https://heliumtrades.com/media-bias/enterprise-journal.com,success,,enterprise-journal.com Media Bias | Helium Trades,https://perma.cc/K7E3-KE3U
https://heliumtrades.com/media-bias/miami-herald,success,,Miami Herald Media Bias | Helium Trades,https://perma.cc/DQ85-RCZQ
https://heliumtrades.com/media-bias/marginal-revolution,success,,Marginal Revolution Media Bias | Helium Trades,https://perma.cc/NT38-FQFN
https://heliumtrades.com/media-bias/yahoo,success,,Yahoo Media Bias | Helium Trades,https://perma.cc/RYH8-J972
https://heliumtrades.com/media-bias/news-journal.com,success,,news-journal.com Media Bias | Helium Trades,https://perma.cc/89FC-C95F
https://heliumtrades.com/media-bias/digg.com,success,,digg.com Media Bias | Helium Trades,https://perma.cc/WUR8-V2GF
https://heliumtrades.com/media-bias/moneycontrol.com,success,,moneycontrol.com Media Bias | Helium Trades,https://perma.cc/JH9T-L4HH
https://heliumtrades.com/media-bias/market-watch,success,,Market Watch Media Bias | Helium Trades,https://perma.cc/3DMH-6X8U
https://heliumtrades.com/media-bias/financial-times-(opinion),success,,Financial Times (Opinion) Media Bias | Helium Trades,https://perma.cc/D9W7-77L8
https://heliumtrades.com/media-bias/gov.uk,success,,gov.uk Media Bias | Helium Trades,https://perma.cc/M7C7-FZJ5
https://heliumtrades.com/media-bias/inverse,success,,Inverse Media Bias | Helium Trades,https://perma.cc/X7HV-N49U
https://heliumtrades.com/media-bias/the-diplomat,success,,The Diplomat Media Bias | Helium Trades,https://perma.cc/ZL76-ETK8
https://heliumtrades.com/media-bias/the-register,success,,The Register Media Bias | Helium Trades,https://perma.cc/W75C-B555
https://heliumtrades.com/media-bias/fast-company,success,,Fast Company Media Bias | Helium Trades,https://perma.cc/TU2S-VAFW
https://heliumtrades.com/media-bias/us-news,success,,US News Media Bias | Helium Trades,https://perma.cc/SE9S-2JNK
https://heliumtrades.com/media-bias/ny-daily-news-(opinion),success,,NY Daily News (Opinion) Media Bias | Helium Trades,https://perma.cc/YP74-VV5R
https://heliumtrades.com/media-bias/wfmz.com,success,,wfmz.com Media Bias | Helium Trades,https://perma.cc/3W3S-UTFZ
https://heliumtrades.com/media-bias/gamerant.com,success,,gamerant.com Media Bias | Helium Trades,https://perma.cc/UP59-U4W8
https://heliumtrades.com/media-bias/new-england-journal-of-medicine,success,,New England Journal of Medicine Media Bias | Helium Trades,https://perma.cc/QK29-DQMF
https://heliumtrades.com/media-bias/investorplace.com,success,,investorplace.com Media Bias | Helium Trades,https://perma.cc/NG28-XC73
https://heliumtrades.com/media-bias/the-fader,success,,The Fader Media Bias | Helium Trades,https://perma.cc/7YCR-VF5V
https://heliumtrades.com/media-bias/hoover-institution,success,,Hoover Institution Media Bias | Helium Trades,https://perma.cc/RUX8-KQ3J
https://heliumtrades.com/media-bias/the-age,success,,The Age Media Bias | Helium Trades,https://perma.cc/5F32-2YNL
https://heliumtrades.com/media-bias/yardbarker.com,success,,yardbarker.com Media Bias | Helium Trades,https://perma.cc/43JS-9FD6
https://heliumtrades.com/media-bias/the-dispatch,success,,The Dispatch Media Bias | Helium Trades,https://perma.cc/RP32-XHMQ
https://heliumtrades.com/media-bias/post-journal.com,success,,post-journal.com Media Bias | Helium Trades,https://perma.cc/6CLP-2ZS4
https://heliumtrades.com/media-bias/slashdot,success,,Slashdot Media Bias | Helium Trades,https://perma.cc/ACF8-63WF
https://heliumtrades.com/media-bias/timesofindia.indiatimes.com,success,,timesofindia.indiatimes.com Media Bias | Helium Trades,https://perma.cc/ZA74-BHQG
https://heliumtrades.com/media-bias/1945,success,,1945 Media Bias | Helium Trades,https://perma.cc/BQ3W-ZSW8
https://heliumtrades.com/media-bias/sandiegouniontribune.com,success,,sandiegouniontribune.com Media Bias | Helium Trades,https://perma.cc/8VXY-KTU3
https://heliumtrades.com/media-bias/news-medical.net,success,,news-medical.net Media Bias | Helium Trades,https://perma.cc/F93C-P36Z
https://heliumtrades.com/media-bias/decrypt.co,success,,decrypt.co Media Bias | Helium Trades,https://perma.cc/2JFE-6P4U
https://heliumtrades.com/media-bias/american-spectator,success,,American Spectator Media Bias | Helium Trades,https://perma.cc/X6NG-8X4N
https://heliumtrades.com/media-bias/bitcoinist.com,success,,bitcoinist.com Media Bias | Helium Trades,https://perma.cc/72U7-S23M
https://heliumtrades.com/media-bias/haaretz-(opinion),success,,Haaretz (Opinion) Media Bias | Helium Trades,https://perma.cc/ZD6T-37HA
https://heliumtrades.com/media-bias/pnas.org,success,,pnas.org Media Bias | Helium Trades,https://perma.cc/5D54-HF2F
https://heliumtrades.com/media-bias/christian-science-monitor,success,,Christian Science Monitor Media Bias | Helium Trades,https://perma.cc/X798-W5K2
https://heliumtrades.com/media-bias/spectrumlocalnews.com,success,,spectrumlocalnews.com Media Bias | Helium Trades,https://perma.cc/EB8M-EWBY
https://heliumtrades.com/media-bias/the-globe-and-mail,success,,The Globe and Mail Media Bias | Helium Trades,https://perma.cc/HCF2-9MSP
https://heliumtrades.com/media-bias/stat,success,,STAT Media Bias | Helium Trades,https://perma.cc/55NX-89AF
https://heliumtrades.com/media-bias/cryptopolitan.com,success,,cryptopolitan.com Media Bias | Helium Trades,https://perma.cc/VP2D-7E5F
https://heliumtrades.com/media-bias/venturebeat,success,,VentureBeat Media Bias | Helium Trades,https://perma.cc/26Q7-3KSB
https://heliumtrades.com/media-bias/jerusalem-post-(opinion),success,,Jerusalem Post (Opinion) Media Bias | Helium Trades,https://perma.cc/787M-5NR3
https://heliumtrades.com/media-bias/city-journal,success,,City Journal Media Bias | Helium Trades,https://perma.cc/9BPZ-7PAB
https://heliumtrades.com/media-bias/cnet,success,,CNET Media Bias | Helium Trades,https://perma.cc/Y98P-NR25
https://heliumtrades.com/media-bias/patch.com,success,,patch.com Media Bias | Helium Trades,https://perma.cc/K8CU-6T7K
https://heliumtrades.com/media-bias/haaretz,success,,Haaretz Media Bias | Helium Trades,https://perma.cc/EAJ5-Q63T
https://heliumtrades.com/media-bias/indianexpress.com,success,,indianexpress.com Media Bias | Helium Trades,https://perma.cc/SQ4B-V455
https://heliumtrades.com/media-bias/bloomberg,success,,Bloomberg Media Bias | Helium Trades,https://perma.cc/YGJ2-SYXL
https://heliumtrades.com/media-bias/medicalxpress.com,success,,medicalxpress.com Media Bias | Helium Trades,https://perma.cc/92R9-ZBR2
https://heliumtrades.com/media-bias/science.org,success,,Science.org Media Bias | Helium Trades,https://perma.cc/VZZ8-46J5
https://heliumtrades.com/media-bias/beaconjournal.com,success,,beaconjournal.com Media Bias | Helium Trades,https://perma.cc/WXF7-2B73
https://heliumtrades.com/media-bias/the-street,success,,The Street Media Bias | Helium Trades,https://perma.cc/FQ7T-T8XJ
https://heliumtrades.com/media-bias/reason,success,,Reason Media Bias | Helium Trades,https://perma.cc/KH93-AQ2W
https://heliumtrades.com/media-bias/u.today,success,,u.today Media Bias | Helium Trades,https://perma.cc/7W53-XHWT
https://heliumtrades.com/media-bias/bizjournals.com,success,,bizjournals.com Media Bias | Helium Trades,https://perma.cc/XD32-RW9P
https://heliumtrades.com/media-bias/justice.gov,success,,justice.gov Media Bias | Helium Trades,https://perma.cc/YZ89-D9PH
https://heliumtrades.com/media-bias/the-conversation,success,,The Conversation Media Bias | Helium Trades,https://perma.cc/AT3K-FM63
https://heliumtrades.com/media-bias/arab-news,success,,Arab News Media Bias | Helium Trades,https://perma.cc/EF2F-VZP8
https://heliumtrades.com/media-bias/science.org,success,,Science.org Media Bias | Helium Trades,https://perma.cc/VZZ8-46J5
https://heliumtrades.com/media-bias/beaconjournal.com,success,,beaconjournal.com Media Bias | Helium Trades,https://perma.cc/WXF7-2B73
https://heliumtrades.com/media-bias/the-street,success,,The Street Media Bias | Helium Trades,https://perma.cc/FQ7T-T8XJ
https://heliumtrades.com/media-bias/reason,success,,Reason Media Bias | Helium Trades,https://perma.cc/KH93-AQ2W
https://heliumtrades.com/media-bias/u.today,success,,u.today Media Bias | Helium Trades,https://perma.cc/7W53-XHWT
https://heliumtrades.com/media-bias/bizjournals.com,success,,bizjournals.com Media Bias | Helium Trades,https://perma.cc/XD32-RW9P
https://heliumtrades.com/media-bias/justice.gov,success,,justice.gov Media Bias | Helium Trades,https://perma.cc/YZ89-D9PH
https://heliumtrades.com/media-bias/the-conversation,success,,The Conversation Media Bias | Helium Trades,https://perma.cc/AT3K-FM63
https://heliumtrades.com/media-bias/arab-news,success,,Arab News Media Bias | Helium Trades,https://perma.cc/EF2F-VZP8
https://heliumtrades.com/media-bias/daily-sceptic,success,,Daily Sceptic Media Bias | Helium Trades,https://perma.cc/G58G-DZHE
https://heliumtrades.com/media-bias/daily-sceptic,success,,Daily Sceptic Media Bias | Helium Trades,https://perma.cc/9NWJ-BABQ
https://heliumtrades.com/media-bias/reviewjournal.com,success,,reviewjournal.com Media Bias | Helium Trades,https://perma.cc/4UBB-U8XL
https://heliumtrades.com/media-bias/sfchronicle.com,success,,sfchronicle.com Media Bias | Helium Trades,https://perma.cc/66RZ-LJCZ
https://heliumtrades.com/media-bias/daily-mail,success,,Daily Mail Media Bias | Helium Trades,https://perma.cc/XB24-MPDB
https://heliumtrades.com/media-bias/washington-times,success,,Washington Times Media Bias | Helium Trades,https://perma.cc/9U6Z-F7AY
https://heliumtrades.com/media-bias/epoch-times,success,,Epoch Times Media Bias | Helium Trades,https://perma.cc/G2UX-5MAR
https://heliumtrades.com/media-bias/outside-magazine,success,,Outside Magazine Media Bias | Helium Trades,https://perma.cc/6W2X-HKBV
https://heliumtrades.com/media-bias/hotcars.com,success,,hotcars.com Media Bias | Helium Trades,https://perma.cc/ET86-NFPG
https://heliumtrades.com/media-bias/forbes,success,,Forbes Media Bias | Helium Trades,https://perma.cc/NJA7-EUPF
https://heliumtrades.com/media-bias/broadwayworld.com,success,,broadwayworld.com Media Bias | Helium Trades,https://perma.cc/3FT3-NKN6
https://heliumtrades.com/media-bias/nj1015.com,success,,nj1015.com Media Bias | Helium Trades,https://perma.cc/NAU7-KZMB
https://heliumtrades.com/media-bias/nfl.com,success,,nfl.com Media Bias | Helium Trades,https://perma.cc/WN5T-UQK6
https://heliumtrades.com/media-bias/kitco.com,success,,kitco.com Media Bias | Helium Trades,https://perma.cc/A274-6RCX
https://heliumtrades.com/media-bias/slate,success,,Slate Media Bias | Helium Trades,https://perma.cc/C55T-3SC9
https://heliumtrades.com/media-bias/cointelegraph.com,success,,cointelegraph.com Media Bias | Helium Trades,https://perma.cc/9765-XAAZ
https://heliumtrades.com/media-bias/zerohedge-opinion,success,,ZeroHedge Opinion Media Bias | Helium Trades,https://perma.cc/NVK2-4SXG
https://heliumtrades.com/media-bias/sportskeeda.com,success,,sportskeeda.com Media Bias | Helium Trades,https://perma.cc/U7JV-NC9M
https://heliumtrades.com/media-bias/cbr.com,success,,cbr.com Media Bias | Helium Trades,https://perma.cc/3R5C-4L9U
https://heliumtrades.com/media-bias/theathletic.com,success,,theathletic.com Media Bias | Helium Trades,https://perma.cc/S972-L67Y
https://heliumtrades.com/media-bias/jacobin,success,,Jacobin Media Bias | Helium Trades,https://perma.cc/PQC2-R8NJ
https://heliumtrades.com/media-bias/sf-gate,success,,SF Gate Media Bias | Helium Trades,https://perma.cc/MHX2-NGHB
https://heliumtrades.com/media-bias/financial-times,success,,Financial Times Media Bias | Helium Trades,https://perma.cc/SR3A-4KLY
https://heliumtrades.com/media-bias/screenrant.com,success,,screenrant.com Media Bias | Helium Trades,https://perma.cc/CZS6-GCSU
https://heliumtrades.com/media-bias/the-independent,success,,The Independent Media Bias | Helium Trades,https://perma.cc/P3VV-K8ZY
https://heliumtrades.com/media-bias/clutchpoints.com,success,,clutchpoints.com Media Bias | Helium Trades,https://perma.cc/46XH-N7U6
https://heliumtrades.com/media-bias/south-china-morning-post,success,,South China Morning Post Media Bias | Helium Trades,https://perma.cc/R98Y-RMNB
https://heliumtrades.com/media-bias/startribune.com,success,,startribune.com Media Bias | Helium Trades,https://perma.cc/L78R-E5BN
https://heliumtrades.com/media-bias/hong-kong-free-press,success,,Hong Kong Free Press Media Bias | Helium Trades,https://perma.cc/J6LG-M8W2
https://heliumtrades.com/media-bias/the-wall-street-journal-(opinion),success,,The Wall Street Journal (Opinion) Media Bias | Helium Trades,https://perma.cc/W4ED-BMTA
https://heliumtrades.com/media-bias/foreign-policy,success,,Foreign Policy Media Bias | Helium Trades,https://perma.cc/F93G-FCUD
https://heliumtrades.com/media-bias/ny-daily-news,success,,NY Daily News Media Bias | Helium Trades,https://perma.cc/8C84-YH6N
https://heliumtrades.com/media-bias/fortune,success,,Fortune Media Bias | Helium Trades,https://perma.cc/45RN-P63M
https://heliumtrades.com/media-bias/washington-examiner,success,,Washington Examiner Media Bias | Helium Trades,https://perma.cc/GJ83-JFLZ
https://heliumtrades.com/media-bias/the-nation,success,,The Nation Media Bias | Helium Trades,https://perma.cc/TPL8-4LHE
https://heliumtrades.com/media-bias/tech-crunch,success,,Tech Crunch Media Bias | Helium Trades,https://perma.cc/2JQR-F4CF
https://heliumtrades.com/media-bias/the-hill-(opinion),success,,The Hill (Opinion) Media Bias | Helium Trades,https://perma.cc/8QTK-M4QU
https://heliumtrades.com/media-bias/brownstone,success,,Brownstone Media Bias | Helium Trades,https://perma.cc/5STA-8QDN
https://heliumtrades.com/media-bias/psychologytoday.com,success,,psychologytoday.com Media Bias | Helium Trades,https://perma.cc/A2MP-UQM4
https://heliumtrades.com/media-bias/insider,success,,Insider Media Bias | Helium Trades,https://perma.cc/9S82-BTJM
https://heliumtrades.com/media-bias/arstechnica.com,success,,arstechnica.com Media Bias | Helium Trades,https://perma.cc/8TQ6-MQRR
https://heliumtrades.com/media-bias/masslive.com,success,,masslive.com Media Bias | Helium Trades,https://perma.cc/E8GZ-UCW5
https://heliumtrades.com/media-bias/jsonline.com,success,,jsonline.com Media Bias | Helium Trades,https://perma.cc/R3RR-W7WT
https://heliumtrades.com/media-bias/american-thinker,success,,American Thinker Media Bias | Helium Trades,https://perma.cc/N8TJ-4EBQ
https://heliumtrades.com/media-bias/cleveland.com,success,,cleveland.com Media Bias | Helium Trades,https://perma.cc/UP6G-9N6K
https://heliumtrades.com/media-bias/vulture,success,,Vulture Media Bias | Helium Trades,https://perma.cc/FJ7F-BBWX
https://heliumtrades.com/media-bias/daily-signal,success,,Daily Signal Media Bias | Helium Trades,https://perma.cc/JX9R-5GRK
https://heliumtrades.com/media-bias/stltoday.com,success,,stltoday.com Media Bias | Helium Trades,https://perma.cc/FDK3-GMXF
https://heliumtrades.com/media-bias/express.co.uk,success,,express.co.uk Media Bias | Helium Trades,https://perma.cc/RX4E-MVNZ
https://heliumtrades.com/media-bias/national-review,success,,National Review Media Bias | Helium Trades,https://perma.cc/HX6P-LEES
https://heliumtrades.com/media-bias/jerusalem-post,success,,Jerusalem Post Media Bias | Helium Trades,https://perma.cc/8GRL-7XLD
https://heliumtrades.com/media-bias/timesofisrael.com,success,,timesofisrael.com Media Bias | Helium Trades,https://perma.cc/TFT5-CQ9M
https://heliumtrades.com/media-bias/vanity-fair,success,,Vanity Fair Media Bias | Helium Trades,https://perma.cc/3QEJ-X2SE
https://heliumtrades.com/media-bias/wion,success,,WION Media Bias | Helium Trades,https://perma.cc/J9VR-PVJ9
https://heliumtrades.com/media-bias/thesun.co.uk,success,,thesun.co.uk Media Bias | Helium Trades,https://perma.cc/6VCM-72KH
https://heliumtrades.com/media-bias/the-daily-beast,success,,The Daily Beast Media Bias | Helium Trades,https://perma.cc/Y838-4NY5
https://heliumtrades.com/media-bias/247sports.com,success,,247sports.com Media Bias | Helium Trades,https://perma.cc/LCA2-UF7M
https://heliumtrades.com/media-bias/coindesk.com,success,,coindesk.com Media Bias | Helium Trades,https://perma.cc/3975-4E3G
https://heliumtrades.com/media-bias/phys,success,,Phys Media Bias | Helium Trades,https://perma.cc/EPR6-Q4XX
https://heliumtrades.com/media-bias/weekly-standard,success,,Weekly Standard Media Bias | Helium Trades,https://perma.cc/8SSR-QN8J
https://heliumtrades.com/media-bias/ndtv.com,success,,ndtv.com Media Bias | Helium Trades,https://perma.cc/CRM2-DDGC
https://heliumtrades.com/media-bias/reuters,success,,Reuters Media Bias | Helium Trades,https://perma.cc/TN86-F8J6
https://heliumtrades.com/media-bias/coin-desk,success,,Coin Desk Media Bias | Helium Trades,https://perma.cc/NUZ9-P6G2
https://heliumtrades.com/media-bias/mlb.com,success,,mlb.com Media Bias | Helium Trades,https://perma.cc/8K9F-WLE4
https://heliumtrades.com/media-bias/washington-free-beacon,success,,Washington Free Beacon Media Bias | Helium Trades,https://perma.cc/24NE-KHA4
https://heliumtrades.com/media-bias/engadget,success,,Engadget Media Bias | Helium Trades,https://perma.cc/GA88-B2D2
https://heliumtrades.com/media-bias/nj.com,success,,nj.com Media Bias | Helium Trades,https://perma.cc/G4HH-KCHW
https://heliumtrades.com/media-bias/seattle-times,success,,Seattle Times Media Bias | Helium Trades,https://perma.cc/V2AS-E88S
https://heliumtrades.com/media-bias/nola.com,success,,nola.com Media Bias | Helium Trades,https://perma.cc/M6X8-KRRE
https://heliumtrades.com/media-bias/just-the-news,success,,Just the News Media Bias | Helium Trades,https://perma.cc/5C58-KEL2
https://heliumtrades.com/media-bias/bleacherreport.com,success,,bleacherreport.com Media Bias | Helium Trades,https://perma.cc/U8JL-KQDE
https://heliumtrades.com/media-bias/sports-illustrated,success,,Sports Illustrated Media Bias | Helium Trades,https://perma.cc/8FXF-BKVK
https://heliumtrades.com/media-bias/the-verge,success,,The Verge Media Bias | Helium Trades,https://perma.cc/Z2J3-JU7T
https://heliumtrades.com/media-bias/collider.com,success,,collider.com Media Bias | Helium Trades,https://perma.cc/P55C-GVVX
https://heliumtrades.com/media-bias/newsweek,success,,Newsweek Media Bias | Helium Trades,https://perma.cc/SY4F-54VV
https://heliumtrades.com/media-bias/inquirer.com,success,,inquirer.com Media Bias | Helium Trades,https://perma.cc/XU2J-UX4V
https://heliumtrades.com/media-bias/politico,success,,Politico Media Bias | Helium Trades,https://perma.cc/BGL3-SLQJ
https://heliumtrades.com/media-bias/the-wall-street-journal,success,,The Wall Street Journal Media Bias | Helium Trades,https://perma.cc/7SVF-VHCA
https://heliumtrades.com/media-bias/snopes,success,,Snopes Media Bias | Helium Trades,https://perma.cc/7PME-B6KM
https://heliumtrades.com/media-bias/avclub.com,success,,avclub.com Media Bias | Helium Trades,https://perma.cc/DG9Z-KLNP
https://heliumtrades.com/media-bias/mlive.com,success,,mlive.com Media Bias | Helium Trades,https://perma.cc/HNY2-UGMU
https://heliumtrades.com/media-bias/wired,success,,Wired Media Bias | Helium Trades,https://perma.cc/9DU9-ZUD2
https://heliumtrades.com/media-bias/vogue,success,,Vogue Media Bias | Helium Trades,https://perma.cc/9MY3-RLNQ
https://heliumtrades.com/media-bias/cnn-(opinion),success,,CNN (Opinion) Media Bias | Helium Trades,https://perma.cc/5W6P-379S
https://heliumtrades.com/media-bias/foxsports.com,success,,foxsports.com Media Bias | Helium Trades,https://perma.cc/A3YE-FW4Y
https://heliumtrades.com/media-bias/live-science,success,,Live Science Media Bias | Helium Trades,https://perma.cc/UU7Y-6ZAG
https://heliumtrades.com/media-bias/usa-today,success,,USA Today Media Bias | Helium Trades,https://perma.cc/F6TB-TAG6
https://heliumtrades.com/media-bias/vice,success,,Vice Media Bias | Helium Trades,https://perma.cc/DFX5-7FC8
https://heliumtrades.com/media-bias/mlbtraderumors.com,success,,mlbtraderumors.com Media Bias | Helium Trades,https://perma.cc/4TFX-HZKD
https://heliumtrades.com/media-bias/mlbtraderumors.com,success,,mlbtraderumors.com Media Bias | Helium Trades,https://perma.cc/SSN4-4DBP
https://heliumtrades.com/media-bias/cbc.ca,success,,cbc.ca Media Bias | Helium Trades,https://perma.cc/P89C-RLXQ
https://heliumtrades.com/media-bias/ajc.com,success,,ajc.com Media Bias | Helium Trades,https://perma.cc/A5ZH-CM7X
https://heliumtrades.com/media-bias/gizmodo.com,success,,gizmodo.com Media Bias | Helium Trades,https://perma.cc/28JH-WZB9
https://heliumtrades.com/media-bias/foreign-affairs,success,,Foreign Affairs Media Bias | Helium Trades,https://perma.cc/D3R8-N9MZ
https://heliumtrades.com/media-bias/scientific-american,success,,Scientific American Media Bias | Helium Trades,https://perma.cc/5HBJ-RUZ3
https://heliumtrades.com/media-bias/smithsonian,success,,Smithsonian Media Bias | Helium Trades,https://perma.cc/3SGH-PSPT
https://heliumtrades.com/media-bias/axios,success,,Axios Media Bias | Helium Trades,https://perma.cc/22CZ-WSH3
https://heliumtrades.com/media-bias/the-economist,success,,The Economist Media Bias | Helium Trades,https://perma.cc/2VVK-GHWP
https://heliumtrades.com/media-bias/mother-jones,success,,Mother Jones Media Bias | Helium Trades,https://perma.cc/DZ2G-LH5J
https://heliumtrades.com/media-bias/hindustantimes.com,success,,hindustantimes.com Media Bias | Helium Trades,https://perma.cc/P4X2-5XGP
https://heliumtrades.com/media-bias/the-atlantic,success,,The Atlantic Media Bias | Helium Trades,https://perma.cc/K86P-CKU4
https://heliumtrades.com/media-bias/doaj,success,,DOAJ Media Bias | Helium Trades,https://perma.cc/LA6V-GQT7
https://heliumtrades.com/media-bias/new-york-times-(opinion),success,,New York Times (Opinion) Media Bias | Helium Trades,https://perma.cc/A3QE-QLUM
https://heliumtrades.com/media-bias/fox-business,success,,Fox Business Media Bias | Helium Trades,https://perma.cc/RUB8-8KGE
https://heliumtrades.com/media-bias/washington-post-(opinion),success,,Washington Post (Opinion) Media Bias | Helium Trades,https://perma.cc/4V2V-C9KP
https://heliumtrades.com/media-bias/audacy.com,success,,audacy.com Media Bias | Helium Trades,https://perma.cc/3FEE-Q6VD
https://heliumtrades.com/media-bias/cbs-sports,success,,CBS Sports Media Bias | Helium Trades,https://perma.cc/6G9T-THAQ
https://heliumtrades.com/media-bias/ign.com,success,,ign.com Media Bias | Helium Trades,https://perma.cc/4HZX-EKUV
https://heliumtrades.com/media-bias/pitchfork,success,,Pitchfork Media Bias | Helium Trades,https://perma.cc/XT4U-A2X2
https://heliumtrades.com/media-bias/ap,success,,AP Media Bias | Helium Trades,https://perma.cc/UP2X-WM2X
https://heliumtrades.com/media-bias/business-insider,success,,Business Insider Media Bias | Helium Trades,https://perma.cc/EY7H-2MEA
,,,Perma | abc.net.au Media Bias | Helium Trades,https://perma.cc/9XK7-NAWB
,,,Perma | NBC Sports Media Bias | Helium Trades,https://perma.cc/HU3F-UUPW
,,,The Hill Media Bias | Helium Trades,https://perma.cc/Y3PS-8SGV
,,,Perma | Fox Media Bias | Helium Trades,https://perma.cc/HK5Z-VJ9V
,,,Perma | The New Yorker Media Bias | Helium Trades,https://perma.cc/VU2Q-DRZM
,,,Perma | Breitbart Media Bias | Helium Trades,https://perma.cc/9TT5-CS5F
,,,Perma | comicbook.com Media Bias | Helium Trades,https://perma.cc/B44S-8GKE
,,,Perma | Al Jazeera Media Bias | Helium Trades,https://perma.cc/J8PH-J6TU
,,,denverbroncos.com,https://perma.cc/27L8-2X4E
,,,boredpanda.com Media Bias | Helium Trades,https://perma.cc/CB9Q-ZN6A
https://heliumtrades.com/media-bias/science-alert,success,,Science Alert Media Bias | Helium Trades,https://perma.cc/Q4LD-9N5Q
https://heliumtrades.com/media-bias/washington-post,success,,Washington Post Media Bias | Helium Trades,https://perma.cc/DSR3-S7SU
https://heliumtrades.com/media-bias/kotaku,success,,Kotaku Media Bias | Helium Trades,https://perma.cc/26WL-GP29
https://heliumtrades.com/media-bias/new-york-times,success,,New York Times Media Bias | Helium Trades,https://perma.cc/4DYN-FURN
https://heliumtrades.com/media-bias/space.com,success,,space.com Media Bias | Helium Trades,https://perma.cc/295S-46Q5
https://heliumtrades.com/media-bias/big-think,success,,Big Think Media Bias | Helium Trades,https://perma.cc/Z2F3-DB8H
https://heliumtrades.com/media-bias/buzz-feed,success,,Buzz Feed Media Bias | Helium Trades,https://perma.cc/7T3F-EV2U
https://heliumtrades.com/media-bias/entrepreneur.com,success,,entrepreneur.com Media Bias | Helium Trades,https://perma.cc/QU6H-EURH
https://heliumtrades.com/media-bias/bbc.co.uk,success,,bbc.co.uk Media Bias | Helium Trades,https://perma.cc/3QKV-R8TQ
https://heliumtrades.com/media-bias/bbc,success,,BBC Media Bias | Helium Trades,https://perma.cc/6WYD-S5ZT
https://heliumtrades.com/media-bias/cnn,success,,CNN Media Bias | Helium Trades,https://perma.cc/Z7AN-7XZ4
https://heliumtrades.com/media-bias/people,success,,People Media Bias | Helium Trades,https://perma.cc/4XTG-BTLJ
https://heliumtrades.com/media-bias/npr,success,,NPR Media Bias | Helium Trades,https://perma.cc/H46Y-74PV
https://heliumtrades.com/media-bias/the-blaze,success,,The Blaze Media Bias | Helium Trades,https://perma.cc/7ELR-Q7KK
https://heliumtrades.com/media-bias/nbc,success,,NBC Media Bias | Helium Trades,https://perma.cc/JPK6-VVGF
https://heliumtrades.com/media-bias/the-daily-wire,success,,The Daily Wire Media Bias | Helium Trades,https://perma.cc/VZ8H-UVMZ
https://heliumtrades.com/media-bias/mirror.co.uk,success,,mirror.co.uk Media Bias | Helium Trades,https://perma.cc/H6XY-CRNY
https://heliumtrades.com/media-bias/tmz,success,,TMZ Media Bias | Helium Trades,https://perma.cc/WL4C-VN4W
https://heliumtrades.com/sources/,success,,Helium Feed News Sources | Politically Balanced News Feed,https://perma.cc/8PDV-4W5Z
https://heliumtrades.com/media-bias/tapinto.net,success,,tapinto.net Media Bias | Helium Trades,https://perma.cc/KEK2-A7AB
https://heliumtrades.com/news/,success,,Balanced News Feed | Helium Trades,https://perma.cc/6A4C-2BGX
https://forum.heliumtrades.com/t/why-is-the-unamerican-pattern-day-trading-law-still-here/178,success,,Why is the Unamerican Pattern Day Trading Law Still Here? - Options Trading - Helium,https://perma.cc/BU63-S3E8
https://forum.heliumtrades.com/t/read-smarter-with-ai-news-summaries/179,success,,Read Smarter With AI News Summaries - News Feed - Helium,https://perma.cc/W8PJ-FV6Y
https://forum.heliumtrades.com/t/the-medium-is-the-message/33,success,,The Medium Is The Message - News Feed - Helium,https://perma.cc/2DHX-P225
https://forum.heliumtrades.com/t/improve-your-thinking-by-changing-your-information-diet/19,success,,Improve Your Thinking by Changing Your Information Diet - News Feed - Helium,https://perma.cc/2TKJ-JDMQ
https://monkeylearn.com/blog/customer-satisfaction-survey/,success,,Customer Satisfaction Surveys: Questions & Examples,https://perma.cc/3QC5-2M6H
https://monkeylearn.com/customer-feedback/,success,,What Is Customer Feedback? And Why You Need It,https://perma.cc/Y42B-RB9M
https://monkeylearn.com/natural-language-processing/,success,,Natural Language Processing (NLP): What Is It & How Does it Work?,https://perma.cc/E5MT-58RL
https://monkeylearn.com/sentiment-analysis/,success,,Sentiment Analysis Guide,https://perma.cc/3RMQ-AVYS
https://forum.heliumtrades.com/t/deepen-your-understanding-of-the-news/54,success,,Deepen Your Understanding of The News - News Feed - Helium,https://perma.cc/S8X7-L6L4
Fengsemul/permacclinks/blob/main/heliumtradescomsourcesIperma-folders-archives,success,,permacclinks/heliumtrades,https://perma.cc/KG7U-DKLT
https://github.com/Fengsemul/permacclinks/blame,,,permacclinks/heliumtradescomsourcesIperma/Fengsemul/permacclinks,https://perma.cc/JY86-KX3C
https://forum.heliumtrades.com/t/understanding-heliums-news-bias-wheel/191,success,,Understanding Helium's News Bias Wheel - News Feed - Helium,https://perma.cc/AUN4-LLSB
