url,status,error_message,title,perma_link,
,,,,,
,,,,,
,,,,,
,,,,,
,,,,,
,,,,,
,,,,,
,,,,,
,,,,,
,,,,,
,,,,,
,,,,,
,,,,,
,,,,,
,,,,,
,,,,,
,,,,,
,,,,,
,,,,,
,,,,,
,,,,,
,,,,,
,,,,,
,,,,,
,,,,,
,,,,,
,,,,,
,,,,,
,,,,,
,,,,,
,,,,,
,,,,,
,,,,,
,,,,,
,,,,,
,,,,,
,,,,,
,,,,,
,,,,,
,,,,,
,,,,,
,,,,,
,,,,,
,,,,,
,,,,,
,,,,,
,,,,,
,,,,,
,,,,,
,,,,,
,,,,,
,,,,,
https://forum.heliumtrades.com/t/understanding-heliums-news-bias-wheel/191,success,,Understanding Helium's News Bias Wheel - News Feed - Helium,https://perma.cc/ME2T-RXJH,
https://heliumtrades.com/media-bias/common-dreams,success,,Common Dreams Media Bias | Helium Trades,https://perma.cc/5QUC-9QU6,
https://heliumtrades.com/media-bias/truthout,success,,Truthout Media Bias | Helium Trades,https://perma.cc/Q9SV-S4ZJ,
https://heliumtrades.com/media-bias/hoover-institution 1 week,success,,Hoover Institution Media Bias | Helium Trades,https://perma.cc/WTF2-EH7Q,
https://heliumtrades.com/sources/ 1 week updated:^,success,,Helium Feed News Sources | Politically Balanced News Feed,https://perma.cc/96DP-NM4D,
https://heliumtrades.com/media-bias/reedleyexponent.com,success,,Balanced News Feed | Helium Trades,https://perma.cc/E6S2-X75Q,
https://heliumtrades.com/media-bias/digitaljournal.com,success,,digitaljournal.com Media Bias | Helium Trades,https://perma.cc/4LCU-KZUX,
https://heliumtrades.com/media-bias/strategic-culture,success,,Balanced News Feed | Helium Trades,https://perma.cc/5V6E-GHP4,
https://heliumtrades.com/media-bias/nnn.ng,success,,nnn.ng Media Bias | Helium Trades,https://perma.cc/9554-XB3P,
https://heliumtrades.com/media-bias/figshare.com,success,,Balanced News Feed | Helium Trades,https://perma.cc/MU9L-V7GQ,
https://heliumtrades.com/media-bias/setenews.com,success,,Balanced News Feed | Helium Trades,https://perma.cc/QHN5-VHKC,
https://heliumtrades.com/media-bias/stocksregister.com,success,,Balanced News Feed | Helium Trades,https://perma.cc/H7L6-4D62,
https://heliumtrades.com/media-bias/zawya.com,success,,zawya.com Media Bias | Helium Trades,https://perma.cc/LJ36-LMNR,
https://heliumtrades.com/media-bias/govinfo.gov,success,,govinfo.gov Media Bias | Helium Trades,https://perma.cc/2Q5G-RZT6,
https://heliumtrades.com/media-bias/mondaq.com,success,,mondaq.com Media Bias | Helium Trades,https://perma.cc/4M6X-86SC,
https://heliumtrades.com/media-bias/morningstar,success,,MorningStar Media Bias | Helium Trades,https://perma.cc/CWA4-ZRHB,
https://heliumtrades.com/media-bias/metaculus,success,,Metaculus Media Bias | Helium Trades,https://perma.cc/CE9M-JJPS,
https://heliumtrades.com/media-bias/ucreview.com,success,,ucreview.com Media Bias | Helium Trades,https://perma.cc/6JZ9-768P,
https://heliumtrades.com/media-bias/trial-site-news,success,,Trial Site News Media Bias | Helium Trades,https://perma.cc/342W-3GAV,
https://heliumtrades.com/media-bias/trial-site-news,success,,Trial Site News Media Bias | Helium Trades,https://perma.cc/8B4T-REYT,
https://heliumtrades.com/media-bias/barchart.com,success,,barchart.com Media Bias | Helium Trades,https://perma.cc/5WJD-9E4B,
https://heliumtrades.com/media-bias/defenseworld.net,success,,defenseworld.net Media Bias | Helium Trades,https://perma.cc/L8GQ-V4UM,
https://heliumtrades.com/media-bias/biorxiv.org,success,,biorxiv.org Media Bias | Helium Trades,https://perma.cc/H4ME-66Y5,
https://heliumtrades.com/media-bias/globenewswire.com,success,,globenewswire.com Media Bias | Helium Trades,https://perma.cc/WD4N-BC6L,
https://heliumtrades.com/media-bias/fagenwasanni.com,success,,fagenwasanni.com Media Bias | Helium Trades,https://perma.cc/7F4V-GWS8,
https://heliumtrades.com/media-bias/fagenwasanni.com,success,,fagenwasanni.com Media Bias | Helium Trades,https://perma.cc/Y6PS-QV33,
https://heliumtrades.com/media-bias/jdsupra.com,success,,jdsupra.com Media Bias | Helium Trades,https://perma.cc/9ETE-49YH,
https://heliumtrades.com/media-bias/iran-press,success,,Iran Press Media Bias | Helium Trades,https://perma.cc/4HQF-K9TZ,
https://heliumtrades.com/media-bias/ncbi,success,,NCBI Media Bias | Helium Trades,https://perma.cc/JKL7-RX42,
https://heliumtrades.com/media-bias/ncbi,success,,NCBI Media Bias | Helium Trades,https://perma.cc/JKL7-RX42,
https://heliumtrades.com/media-bias/simplywall.st,success,,simplywall.st Media Bias | Helium Trades,https://perma.cc/5NYS-9JPN,
https://heliumtrades.com/media-bias/zacks.com,success,,zacks.com Media Bias | Helium Trades,https://perma.cc/R2A9-72JE,
https://heliumtrades.com/media-bias/marketbeat.com,success,,marketbeat.com Media Bias | Helium Trades,https://perma.cc/ZH9J-WVXL,
https://heliumtrades.com/media-bias/theknoxstudent.com,success,,theknoxstudent.com Media Bias | Helium Trades,https://perma.cc/V2T2-JBM6,
https://heliumtrades.com/media-bias/openpr.com,success,,openpr.com Media Bias | Helium Trades,https://perma.cc/K2YD-2XU3,
https://heliumtrades.com/media-bias/360dx,success,,360DX Media Bias | Helium Trades,https://perma.cc/46PG-RPDY,
https://heliumtrades.com/media-bias/beststocks.com,success,,beststocks.com Media Bias | Helium Trades,https://perma.cc/MWA6-K7PU,
https://heliumtrades.com/media-bias/claytoncountyregister.com,success,,claytoncountyregister.com Media Bias | Helium Trades,https://perma.cc/PLT5-5MMT,
https://heliumtrades.com/media-bias/digitaljournal.com,success,,digitaljournal.com Media Bias | Helium Trades,https://perma.cc/4D4R-D36B,
https://heliumtrades.com/media-bias/reddit,success,,Reddit Media Bias | Helium Trades,https://perma.cc/86Z7-4K82,
https://heliumtrades.com/media-bias/chaminadetalon.com,success,,chaminadetalon.com Media Bias | Helium Trades,https://perma.cc/3NTB-TRMH,
https://heliumtrades.com/media-bias/theyyscene.ca,success,,theyyscene.ca Media Bias | Helium Trades,https://perma.cc/4WFA-8W32,
https://heliumtrades.com/media-bias/conservativereview.com,success,,conservativereview.com Media Bias | Helium Trades,https://perma.cc/CHA8-6N8S,
https://heliumtrades.com/media-bias/ecns.cn,success,,ecns.cn Media Bias | Helium Trades,https://perma.cc/3CAZ-3239,
https://heliumtrades.com/media-bias/courtlistener.com-(opinion),success,,courtlistener.com (Opinion) Media Bias | Helium Trades,https://perma.cc/8BPJ-LADC,
https://heliumtrades.com/media-bias/securities-exchange-commission,success,,Securities Exchange Commission Media Bias | Helium Trades,https://perma.cc/5NYG-F7F7,
https://heliumtrades.com/media-bias/marketscreener.com,success,,marketscreener.com Media Bias | Helium Trades,https://perma.cc/S2CS-7CUZ,
https://heliumtrades.com/media-bias/fxstreet.com,success,,fxstreet.com Media Bias | Helium Trades,https://perma.cc/GVE4-SXZZ,
https://heliumtrades.com/media-bias/einnews.com,success,,einnews.com Media Bias | Helium Trades,https://perma.cc/MU8D-7WCL,
https://heliumtrades.com/media-bias/lexology.com,success,,lexology.com Media Bias | Helium Trades,https://perma.cc/W4ZU-AYSF,
https://heliumtrades.com/media-bias/observer,success,,Observer Media Bias | Helium Trades,https://perma.cc/T5MX-HHTV,
https://heliumtrades.com/media-bias/tipranks.com,success,,tipranks.com Media Bias | Helium Trades,https://perma.cc/32UR-NSS5,
https://heliumtrades.com/media-bias/economictimes.indiatimes.com,success,,economictimes.indiatimes.com Media Bias | Helium Trades,https://perma.cc/R879-T28R,
https://heliumtrades.com/media-bias/futurity,success,,Futurity Media Bias | Helium Trades,https://perma.cc/MH2M-UXUZ,
https://heliumtrades.com/media-bias/cureus.com,success,,cureus.com Media Bias | Helium Trades,https://perma.cc/2U9Q-5HEF,
https://heliumtrades.com/media-bias/nature,success,,Nature Media Bias | Helium Trades,https://perma.cc/4MUX-KRW2,
https://heliumtrades.com/media-bias/tehran-times,success,,Tehran Times Media Bias | Helium Trades,https://perma.cc/SY8M-8VZ2,
https://heliumtrades.com/media-bias/mdpi.com,success,,mdpi.com Media Bias | Helium Trades,https://perma.cc/9R7E-S2RY,
https://heliumtrades.com/media-bias/unz,success,,Unz Media Bias | Helium Trades,https://perma.cc/352K-MNKH,
https://heliumtrades.com/media-bias/law.com,success,,Law.com Media Bias | Helium Trades,https://perma.cc/4R8K-TXGX,
https://heliumtrades.com/media-bias/tipranks.com,success,,tipranks.com Media Bias | Helium Trades,https://perma.cc/32UR-NSS5,
https://heliumtrades.com/media-bias/economictimes.indiatimes.com,success,,economictimes.indiatimes.com Media Bias | Helium Trades,https://perma.cc/R879-T28R,
https://heliumtrades.com/media-bias/futurity,success,,Futurity Media Bias | Helium Trades,https://perma.cc/MH2M-UXUZ,
https://heliumtrades.com/media-bias/cureus.com,success,,cureus.com Media Bias | Helium Trades,https://perma.cc/2U9Q-5HEF,
https://heliumtrades.com/media-bias/nature,success,,Nature Media Bias | Helium Trades,https://perma.cc/4MUX-KRW2,
https://heliumtrades.com/media-bias/tehran-times,success,,Tehran Times Media Bias | Helium Trades,https://perma.cc/SY8M-8VZ2,
https://heliumtrades.com/media-bias/mdpi.com,success,,mdpi.com Media Bias | Helium Trades,https://perma.cc/9R7E-S2RY,
https://heliumtrades.com/media-bias/unz,success,,Unz Media Bias | Helium Trades,https://perma.cc/352K-MNKH,
https://heliumtrades.com/media-bias/law.com,success,,Law.com Media Bias | Helium Trades,https://perma.cc/4R8K-TXGX,
https://heliumtrades.com/media-bias/analyticsinsight.net,success,,analyticsinsight.net Media Bias | Helium Trades,https://perma.cc/8NSB-DXJL,
https://heliumtrades.com/media-bias/tass,success,,Tass Media Bias | Helium Trades,https://perma.cc/R3K8-B2R3,
https://heliumtrades.com/media-bias/seekingalpha.com,success,,seekingalpha.com Media Bias | Helium Trades,https://perma.cc/MVA9-JNXP,
https://heliumtrades.com/media-bias/bq-prime,success,,BQ Prime Media Bias | Helium Trades,https://perma.cc/9MTJ-KSJW,
https://heliumtrades.com/media-bias/bmj,success,,BMJ Media Bias | Helium Trades,https://perma.cc/5UC4-JPDQ,
https://heliumtrades.com/media-bias/dovepress.com,success,,dovepress.com Media Bias | Helium Trades,https://perma.cc/YM5M-9QF8,
https://heliumtrades.com/media-bias/tass,success,,Tass Media Bias | Helium Trades,https://perma.cc/BUP7-UGFD,
https://heliumtrades.com/media-bias/indianretailer.com,success,,indianretailer.com Media Bias | Helium Trades,https://perma.cc/G5AD-7L56,
https://heliumtrades.com/media-bias/benzinga.com,success,,benzinga.com Media Bias | Helium Trades,https://perma.cc/BPV9-S7AP,
https://heliumtrades.com/media-bias/pymnts.com,success,,pymnts.com Media Bias | Helium Trades,https://perma.cc/KEW6-6MTT,
https://heliumtrades.com/media-bias/journals.sagepub.com,success,,journals.sagepub.com Media Bias | Helium Trades,https://perma.cc/RQ2Q-423C,
https://heliumtrades.com/media-bias/thecoinrepublic.com,success,,thecoinrepublic.com Media Bias | Helium Trades,https://perma.cc/4V9D-XFQT,
https://heliumtrades.com/media-bias/hoover-institution,success,,Hoover Institution Media Bias | Helium Trades,https://perma.cc/79QL-AXYS,
https://heliumtrades.com/media-bias/reliefweb.int,success,,reliefweb.int Media Bias | Helium Trades,https://perma.cc/US5F-4DK8,
https://heliumtrades.com/media-bias/beincrypto.com,success,,beincrypto.com Media Bias | Helium Trades,https://perma.cc/ET37-KTSR,
https://heliumtrades.com/media-bias/etfdb.com,success,,etfdb.com Media Bias | Helium Trades,https://perma.cc/R48P-V6PK,
https://heliumtrades.com/media-bias/yardbarker.com,success,,yardbarker.com Media Bias | Helium Trades,https://perma.cc/X3C6-YM99,
https://heliumtrades.com/media-bias/bakersfield.com,success,,bakersfield.com Media Bias | Helium Trades,https://perma.cc/N3UN-HYKW,
https://heliumtrades.com/media-bias/investing.com,success,,investing.com Media Bias | Helium Trades,https://perma.cc/7ZD4-LMYJ,
https://heliumtrades.com/media-bias/journalrecord.com,success,,journalrecord.com Media Bias | Helium Trades,https://perma.cc/JP5W-JHXL,
https://heliumtrades.com/media-bias/fool.com,success,,fool.com Media Bias | Helium Trades,https://perma.cc/WD8S-QCXE,
https://heliumtrades.com/media-bias/bitcoinist.com,success,,bitcoinist.com Media Bias | Helium Trades,https://perma.cc/Q7MY-X72S,
https://heliumtrades.com/media-bias/crypto-news-flash.com,success,,crypto-news-flash.com Media Bias | Helium Trades,https://perma.cc/V7W6-8UM7,
https://heliumtrades.com/media-bias/biospace.com,success,,biospace.com Media Bias | Helium Trades,https://perma.cc/34VY-HCZX,
https://heliumtrades.com/media-bias/investorplace.com,success,,investorplace.com Media Bias | Helium Trades,https://perma.cc/AB76-665Y,
https://heliumtrades.com/media-bias/timesfreepress.com-(opinion),success,,timesfreepress.com (Opinion) Media Bias | Helium Trades,https://perma.cc/WG4B-KGSM,
https://heliumtrades.com/media-bias/genome-web,success,,Genome Web Media Bias | Helium Trades,https://perma.cc/3L7F-TURP,
https://heliumtrades.com/media-bias/arxiv,success,,arXiv Media Bias | Helium Trades,https://perma.cc/BJB9-333C,
https://heliumtrades.com/media-bias/beckershospitalreview.com,success,,beckershospitalreview.com Media Bias | Helium Trades,https://perma.cc/WMU9-3BYY,
https://heliumtrades.com/media-bias/the-diplomat,success,,The Diplomat Media Bias | Helium Trades,https://perma.cc/4Q5R-CTDS,
https://heliumtrades.com/media-bias/financial-times-(opinion),success,,Financial Times (Opinion) Media Bias | Helium Trades,https://perma.cc/Q9VP-TW38,
https://heliumtrades.com/media-bias/arkansasonline.com,success,,arkansasonline.com Media Bias | Helium Trades,https://perma.cc/QX39-T9DN,
https://heliumtrades.com/media-bias/pnas.org,success,,pnas.org Media Bias | Helium Trades,https://perma.cc/W92K-YKT9,
https://heliumtrades.com/media-bias/the-dispatch,success,,The Dispatch Media Bias | Helium Trades,https://perma.cc/VH5G-8MRX,
https://heliumtrades.com/media-bias/cryptopolitan.com,success,,cryptopolitan.com Media Bias | Helium Trades,https://perma.cc/B6NZ-VQ3J,
https://heliumtrades.com/media-bias/marca.com,success,,marca.com Media Bias | Helium Trades,https://perma.cc/CFF2-56J5,
https://heliumtrades.com/media-bias/spectrumlocalnews.com,success,,spectrumlocalnews.com Media Bias | Helium Trades,https://perma.cc/4LJD-G8VL,
https://heliumtrades.com/media-bias/the-fader,success,,The Fader Media Bias | Helium Trades,https://perma.cc/293S-SXRN,
https://heliumtrades.com/media-bias/michigan.gov,success,,michigan.gov Media Bias | Helium Trades,https://perma.cc/9ZZE-XHT2,
https://heliumtrades.com/media-bias/american-spectator,success,,American Spectator Media Bias | Helium Trades,https://perma.cc/4MPP-PVJW,
https://heliumtrades.com/media-bias/the-globe-and-mail,success,,The Globe and Mail Media Bias | Helium Trades,https://perma.cc/9D9B-9JPA,
https://heliumtrades.com/media-bias/indiatoday.in,success,,indiatoday.in Media Bias | Helium Trades,https://perma.cc/9BKF-YS9B,
https://heliumtrades.com/media-bias/the-new-american,success,,The New American Media Bias | Helium Trades,https://perma.cc/W2E8-WQ67,
https://heliumtrades.com/media-bias/united-nations,success,,Three UN food workers killed in Sudan, aid efforts temporarily halted amid escalating violence | Helium Trades,https://perma.cc/67MJ-LECK
https://heliumtrades.com/media-bias/kiplinger.com,success,,kiplinger.com Media Bias | Helium Trades,https://perma.cc/T69M-3ETY,
https://heliumtrades.com/media-bias/global-research,success,,Global Research Media Bias | Helium Trades,https://perma.cc/694T-64Z4,
https://heliumtrades.com/media-bias/slashdot,success,,Slashdot Media Bias | Helium Trades,https://perma.cc/DQN4-WZQU,
https://heliumtrades.com/media-bias/afr.com,success,,afr.com Media Bias | Helium Trades,https://perma.cc/ZFK4-9JPS,
https://heliumtrades.com/media-bias/bloomberg,success,,Bloomberg Media Bias | Helium Trades,https://perma.cc/J2TC-7A8V,
https://heliumtrades.com/media-bias/ynet,success,,YNet Media Bias | Helium Trades,https://perma.cc/24N9-VECJ,
https://heliumtrades.com/media-bias/washington-times,success,,Washington Times Media Bias | Helium Trades,https://perma.cc/3WW2-WHMH,
https://heliumtrades.com/media-bias/ny-daily-news-(opinion),success,,NY Daily News (Opinion) Media Bias | Helium Trades,https://perma.cc/Q72T-A5A3,
https://heliumtrades.com/media-bias/stat,success,,STAT Media Bias | Helium Trades,https://perma.cc/7BXG-2NGU,
https://heliumtrades.com/media-bias/jerusalem-post-(opinion),success,,Jerusalem Post (Opinion) Media Bias | Helium Trades,https://perma.cc/JH5F-B6XR,
https://heliumtrades.com/media-bias/financial-times,success,,Financial Times Media Bias | Helium Trades,https://perma.cc/3XBR-AWFU,
https://heliumtrades.com/media-bias/the-journal.com,success,,the-journal.com Media Bias | Helium Trades,https://perma.cc/FQ3R-6W33,
https://heliumtrades.com/media-bias/indianexpress.com,success,,indianexpress.com Media Bias | Helium Trades,https://perma.cc/C8LS-M988,
https://heliumtrades.com/media-bias/tapinto.net,success,,tapinto.net Media Bias | Helium Trades,https://perma.cc/C3Q5-P79G,
https://heliumtrades.com/media-bias/army.mil,success,,army.mil Media Bias | Helium Trades,https://perma.cc/L4T3-XBJK,
https://heliumtrades.com/media-bias/decrypt.co,success,,decrypt.co Media Bias | Helium Trades,https://perma.cc/P49C-KVBH,
https://heliumtrades.com/media-bias/postandcourier.com,success,,postandcourier.com Media Bias | Helium Trades,https://perma.cc/D7ZM-WSAK,
https://heliumtrades.com/media-bias/investopedia.com,success,,investopedia.com Media Bias | Helium Trades,https://perma.cc/F4BM-BRTP,
https://heliumtrades.com/media-bias/rferl,success,,RFERL Media Bias | Helium Trades,https://perma.cc/K762-TUMD,
https://heliumtrades.com/media-bias/miragenews.com,success,,miragenews.com Media Bias | Helium Trades,https://perma.cc/C39X-PKL6,
https://heliumtrades.com/media-bias/the-register,success,,The Register Media Bias | Helium Trades,https://perma.cc/TGP4-P2C3,
https://heliumtrades.com/media-bias/know-your-meme,success,,Know Your Meme Media Bias | Helium Trades,https://perma.cc/55FS-U22C,
https://heliumtrades.com/media-bias/skysports.com,success,,skysports.com Media Bias | Helium Trades,https://perma.cc/2F85-U684,
https://heliumtrades.com/media-bias/investors.com,success,,investors.com Media Bias | Helium Trades,https://perma.cc/9RDP-8AF8,
https://heliumtrades.com/media-bias/wfsb.com,success,,wfsb.com Media Bias | Helium Trades,https://perma.cc/R9E8-5YP3,
https://heliumtrades.com/media-bias/the-information,success,,The Information Media Bias | Helium Trades,https://perma.cc/GP88-8V79,
https://heliumtrades.com/media-bias/outside-magazine,success,,Outside Magazine Media Bias | Helium Trades,https://perma.cc/7JAC-H67Z,
https://heliumtrades.com/media-bias/news-medical.net,success,,news-medical.net Media Bias | Helium Trades,https://perma.cc/5HKU-5AA3,
https://heliumtrades.com/media-bias/fast-company,success,,Fast Company Media Bias | Helium Trades,https://perma.cc/BZ9C-6AC4,
https://heliumtrades.com/media-bias/south-china-morning-post,success,,South China Morning Post Media Bias | Helium Trades,https://perma.cc/JBE2-5V59,
https://heliumtrades.com/media-bias/gov.uk,success,,gov.uk Media Bias | Helium Trades,https://perma.cc/8XY8-G76U,
https://heliumtrades.com/media-bias/post-journal.com,success,,post-journal.com Media Bias | Helium Trades,https://perma.cc/ZAR6-G3QE,
https://heliumtrades.com/media-bias/christian-science-monitor,success,,Christian Science Monitor Media Bias | Helium Trades,https://perma.cc/U6H5-AD9J,
https://heliumtrades.com/media-bias/wikipedia,success,,Wikipedia Media Bias | Helium Trades,https://perma.cc/CQW2-ZCKL,
https://heliumtrades.com/media-bias/epoch-times,success,,Epoch Times Media Bias | Helium Trades,https://perma.cc/3HV9-22TH,
https://heliumtrades.com/media-bias/pressherald.com,success,,pressherald.com Media Bias | Helium Trades,https://perma.cc/7D5Q-9SCP,
https://heliumtrades.com/media-bias/thepostmillennial.com:443,success,,thepostmillennial.com:443 Media Bias | Helium Trades,https://perma.cc/3PTF-TUAL,
https://heliumtrades.com/media-bias/medicalxpress.com,success,,medicalxpress.com Media Bias | Helium Trades,https://perma.cc/83FR-D694,
https://heliumtrades.com/media-bias/cnet,success,,CNET Media Bias | Helium Trades,https://perma.cc/F3LS-YVW5,
https://heliumtrades.com/media-bias/haaretz,success,,Haaretz Media Bias | Helium Trades,https://perma.cc/TX8Y-8HTC,
https://heliumtrades.com/media-bias/voanews.com,success,,voanews.com Media Bias | Helium Trades,https://perma.cc/AZ2V-QJEC,
https://heliumtrades.com/media-bias/arab-news,success,,Arab News Media Bias | Helium Trades,https://perma.cc/CJ2T-MBUY,
https://heliumtrades.com/media-bias/hong-kong-free-press,success,,Hong Kong Free Press Media Bias | Helium Trades,https://perma.cc/3H68-JFC7,
https://heliumtrades.com/media-bias/9to5google.com,success,,9to5google.com Media Bias | Helium Trades,https://perma.cc/3V83-8A5G,
https://heliumtrades.com/media-bias/wion,success,,WION Media Bias | Helium Trades,https://perma.cc/AUN4-S9ZU,
https://heliumtrades.com/media-bias/real-clear-politics,success,,Real Clear Politics Media Bias | Helium Trades,https://perma.cc/NPT5-AYZ5,
https://heliumtrades.com/media-bias/dexerto.com,success,,dexerto.com Media Bias | Helium Trades,https://perma.cc/WRA2-BDTV,
https://heliumtrades.com/media-bias/medscape.com,success,,medscape.com Media Bias | Helium Trades,https://perma.cc/X9T8-HSBN,
https://heliumtrades.com/media-bias/the-wrap,success,,The Wrap Media Bias | Helium Trades,https://perma.cc/NNL7-MBSJ,
https://heliumtrades.com/media-bias/science.org,success,,Science.org Media Bias | Helium Trades,https://perma.cc/B38A-3BUW,
https://heliumtrades.com/media-bias/daily-kos,success,,heliumtrades.com,https://perma.cc/W2D3-JZ7T,
https://heliumtrades.com/media-bias/haaretz-(opinion),success,,Haaretz (Opinion) Media Bias | Helium Trades,https://perma.cc/XN5R-HXRM,
https://heliumtrades.com/media-bias/psychologytoday.com,success,,psychologytoday.com Media Bias | Helium Trades,https://perma.cc/JPC4-3WV7,
https://heliumtrades.com/media-bias/sportskeeda.com,success,,sportskeeda.com Media Bias | Helium Trades,https://perma.cc/S95D-YGR2,
https://heliumtrades.com/media-bias/coin-desk,success,,Coin Desk Media Bias | Helium Trades,https://perma.cc/BPP4-UKAY,
https://heliumtrades.com/media-bias/cointelegraph.com,success,,cointelegraph.com Media Bias | Helium Trades,https://perma.cc/K6NG-5KY4,
https://heliumtrades.com/media-bias/the-independent,success,,The Independent Media Bias | Helium Trades,https://perma.cc/Q2LZ-FS24,
https://heliumtrades.com/media-bias/kwtx.com,success,,kwtx.com Media Bias | Helium Trades,https://perma.cc/4V66-HKT6,
https://heliumtrades.com/media-bias/jacobin,success,,Jacobin Media Bias | Helium Trades,https://perma.cc/AWP7-CEP3,
https://heliumtrades.com/media-bias/inverse,success,,Inverse Media Bias | Helium Trades,https://perma.cc/3A4Q-B8S8,
https://heliumtrades.com/media-bias/reviewjournal.com,success,,reviewjournal.com Media Bias | Helium Trades,https://perma.cc/AY9G-8SNN,
https://heliumtrades.com/media-bias/patch.com,success,,patch.com Media Bias | Helium Trades,https://perma.cc/4KZF-R9RA,
https://heliumtrades.com/media-bias/mises-institute,success,,Mises Institute Media Bias | Helium Trades,https://perma.cc/D2UW-3QEA,
https://heliumtrades.com/media-bias/the-conversation,success,,The Conversation Media Bias | Helium Trades,https://perma.cc/5VUL-K3QZ,
https://heliumtrades.com/media-bias/the-street,success,,The Street Media Bias | Helium Trades,https://perma.cc/D2WG-VJX7,
https://heliumtrades.com/media-bias/daily-sceptic,success,,Daily Sceptic Media Bias | Helium Trades,https://perma.cc/B3M5-M8CD,
https://heliumtrades.com/media-bias/asia.nikkei.com,success,,asia.nikkei.com Media Bias | Helium Trades,https://perma.cc/QRY5-JET6,
https://heliumtrades.com/media-bias/247sports.com,success,,247sports.com Media Bias | Helium Trades,https://perma.cc/95VA-7VDV,
https://heliumtrades.com/media-bias/world-socialist,success,,World Socialist Media Bias | Helium Trades,https://perma.cc/W2GQ-8WZM,
https://heliumtrades.com/media-bias/the-economist,success,,The Economist Media Bias | Helium Trades,https://perma.cc/JVT3-43X6,
https://heliumtrades.com/media-bias/snopes,success,,Snopes Media Bias | Helium Trades,https://perma.cc/6E6C-JHAZ,
https://heliumtrades.com/media-bias/washington-examiner,success,,Washington Examiner Media Bias | Helium Trades,https://perma.cc/3MP9-2KKL,
https://heliumtrades.com/media-bias/fortune,success,,Fortune Media Bias | Helium Trades,https://perma.cc/4LT7-5YFB,
https://heliumtrades.com/media-bias/kitco.com,success,,kitco.com Media Bias | Helium Trades,https://perma.cc/6PMG-HVRL,
https://heliumtrades.com/media-bias/zdnet,success,,ZDNet Media Bias | Helium Trades,https://perma.cc/48WY-9DS4,
https://heliumtrades.com/media-bias/nbcboston.com,success,,nbcboston.com Media Bias | Helium Trades,https://perma.cc/6USR-HSWK,
https://heliumtrades.com/media-bias/national-review,success,,National Review Media Bias | Helium Trades,https://perma.cc/M263-VSM8,
https://heliumtrades.com/media-bias/city-journal,success,,City Journal Media Bias | Helium Trades,https://perma.cc/56L8-M35U,
https://heliumtrades.com/media-bias/chicago-tribune,success,,Chicago Tribune Media Bias | Helium Trades,https://perma.cc/9R6C-8NW8,
https://heliumtrades.com/media-bias/jerusalem-post,success,,Jerusalem Post Media Bias | Helium Trades,https://perma.cc/4WX9-MMH9,
https://heliumtrades.com/media-bias/clutchpoints.com,success,,clutchpoints.com Media Bias | Helium Trades,https://perma.cc/5S2Z-ZLJZ,
https://heliumtrades.com/media-bias/cgtn,success,,CGTN Media Bias | Helium Trades,https://perma.cc/XWT4-XAJ2,
https://heliumtrades.com/media-bias/washington-free-beacon,success,,Washington Free Beacon Media Bias | Helium Trades,https://perma.cc/HJZ2-XKGZ,
https://heliumtrades.com/media-bias/timeshighereducation.com,success,,timeshighereducation.com Media Bias | Helium Trades,https://perma.cc/MR6N-ZDK8,
https://heliumtrades.com/media-bias/foreign-policy,success,,Foreign Policy Media Bias | Helium Trades,https://perma.cc/L22F-7VHN,
https://heliumtrades.com/media-bias/forbes,success,,Forbes Media Bias | Helium Trades,https://perma.cc/A3YJ-FRQE,
https://heliumtrades.com/media-bias/tech-crunch,success,,Tech Crunch Media Bias | Helium Trades,https://perma.cc/ZP7Q-2F99,
https://heliumtrades.com/media-bias/alternet,success,,Alternet Media Bias | Helium Trades,https://perma.cc/U6UD-J9RN,
https://heliumtrades.com/media-bias/slate,success,,Slate Media Bias | Helium Trades,https://perma.cc/M75T-XVWH,
https://heliumtrades.com/media-bias/moscow-times,success,,Moscow Times Media Bias | Helium Trades,https://perma.cc/FQ2D-EH5J,
https://heliumtrades.com/media-bias/nbcdfw.com,success,,nbcdfw.com Media Bias | Helium Trades,https://perma.cc/MA6H-GEML,
https://heliumtrades.com/media-bias/bizjournals.com,success,,bizjournals.com Media Bias | Helium Trades,https://perma.cc/NGZ5-7KUU,
https://heliumtrades.com/media-bias/thesun.co.uk,success,,thesun.co.uk Media Bias | Helium Trades,https://perma.cc/BN7J-8WQ4,
https://heliumtrades.com/media-bias/politifact,success,,Politifact Media Bias | Helium Trades,https://perma.cc/XAJ6-CVWL,
https://heliumtrades.com/media-bias/azcentral.com,success,,azcentral.com Media Bias | Helium Trades,https://perma.cc/RFR9-FDPN,
https://heliumtrades.com/media-bias/insider,success,,Insider Media Bias | Helium Trades,https://perma.cc/VX3B-9JWH,https://perma.cc/VX3B-9JWH
https://heliumtrades.com/media-bias/ny-daily-news,success,,NY Daily News Media Bias | Helium Trades,https://perma.cc/H6FJ-WYET,https://perma.cc/H6FJ-WYET
https://heliumtrades.com/media-bias/boston-globe,success,,Boston Globe Media Bias | Helium Trades,https://perma.cc/ZEP5-KTDH,https://perma.cc/ZEP5-KTDH
https://heliumtrades.com/media-bias/kxan.com,success,,kxan.com Media Bias | Helium Trades,https://perma.cc/5FHE-UYTC,https://perma.cc/5FHE-UYTC
https://heliumtrades.com/media-bias/detroitnews.com,success,,detroitnews.com Media Bias | Helium Trades,https://perma.cc/2LSC-Q2WX,https://perma.cc/2LSC-Q2WX
https://heliumtrades.com/media-bias/zerohedge-opinion,success,,ZeroHedge Opinion Media Bias | Helium Trades,https://perma.cc/AYD6-YFHY,https://perma.cc/AYD6-YFHY
https://heliumtrades.com/media-bias/defense.gov,success,,defense.gov Media Bias | Helium Trades,https://perma.cc/MU4X-4UT9,https://perma.cc/MU4X-4UT9
https://heliumtrades.com/media-bias/brownstone,success,,Brownstone Media Bias | Helium Trades,https://perma.cc/AT76-K97C,https://perma.cc/AT76-K97C
https://heliumtrades.com/media-bias/arstechnica.com,success,,arstechnica.com Media Bias | Helium Trades,https://perma.cc/97XM-9TZZ,https://perma.cc/97XM-9TZZ
https://heliumtrades.com/media-bias/la-times-(opinion),success,,LA Times (Opinion) Media Bias | Helium Trades,https://perma.cc/WCC7-M6YH,https://perma.cc/WCC7-M6YH
https://heliumtrades.com/media-bias/infowars,success,,InfoWars Media Bias | Helium Trades,https://perma.cc/J5YT-WKQ9,
https://heliumtrades.com/media-bias/the-wall-street-journal-(opinion),success,,The Wall Street Journal (Opinion) Media Bias | Helium Trades,https://perma.cc/8E8J-VXBA,
https://heliumtrades.com/media-bias/dw.com,success,,dw.com Media Bias | Helium Trades,https://perma.cc/B5GM-T2EE,
https://heliumtrades.com/media-bias/vulture,success,,Vulture Media Bias | Helium Trades,https://perma.cc/AZ3D-RYUH,
https://heliumtrades.com/media-bias/white-house,success,,White House Media Bias | Helium Trades,https://perma.cc/37TU-P6J3,
https://heliumtrades.com/media-bias/nbc-sports,success,,NBC Sports Media Bias | Helium Trades,https://perma.cc/7K98-XHJK,
https://heliumtrades.com/media-bias/mprnews.org,success,,mprnews.org Media Bias | Helium Trades,https://perma.cc/GJ3X-UQL3,
https://heliumtrades.com/media-bias/daily-caller,success,,Daily Caller Media Bias | Helium Trades,https://perma.cc/QW43-2GZ7,
https://heliumtrades.com/media-bias/wbur.org,success,,wbur.org Media Bias | Helium Trades,https://perma.cc/2TSF-9G2V,
https://heliumtrades.com/media-bias/the-nation,success,,The Nation Media Bias | Helium Trades,https://perma.cc/5BUY-EEAT,
,,,Vanity Fair error,,
https://heliumtrades.com/media-bias/market-watch,success,,Market Watch Media Bias | Helium Trades,https://perma.cc/2T6L-Q24A,
https://heliumtrades.com/media-bias/on3.com,success,,on3.com Media Bias | Helium Trades,https://perma.cc/ZYZ2-XSE9,
https://heliumtrades.com/media-bias/phys,success,,Phys Media Bias | Helium Trades,https://perma.cc/YH2V-4LCZ,
https://heliumtrades.com/media-bias/cleveland.com,success,,cleveland.com Media Bias | Helium Trades,https://perma.cc/VVS9-7YEN,
https://heliumtrades.com/media-bias/outkick.com,success,,outkick.com Media Bias | Helium Trades,https://perma.cc/4NXU-VAXF,
https://heliumtrades.com/media-bias/kcra.com,success,,kcra.com Media Bias | Helium Trades,https://perma.cc/8AX3-A9HA,
https://heliumtrades.com/media-bias/okmagazine.com,success,,okmagazine.com Media Bias | Helium Trades,https://perma.cc/JE7S-ENLR,
https://heliumtrades.com/media-bias/radaronline.com,success,,radaronline.com Media Bias | Helium Trades,https://perma.cc/NUH6-5LDQ,
https://heliumtrades.com/media-bias/inquirer.com,success,,inquirer.com Media Bias | Helium Trades,https://perma.cc/82RL-MAEM,
https://heliumtrades.com/media-bias/houston-chronicle,success,,Houston Chronicle Media Bias | Helium Trades,https://perma.cc/A6N9-8FGD,
https://heliumtrades.com/media-bias/interesting-engineering,success,,Interesting Engineering Media Bias | Helium Trades,https://perma.cc/L6H5-FZTS,
https://heliumtrades.com/media-bias/newsnationnow.com,success,,newsnationnow.com Media Bias | Helium Trades,https://perma.cc/NDR5-Q9WT,
https://heliumtrades.com/media-bias/newsnationnow.com,success,,newsnationnow.com Media Bias | Helium Trades,https://perma.cc/3Y7H-DB2G,
https://heliumtrades.com/media-bias/common-dreams,success,,Common Dreams Media Bias | Helium Trades,https://perma.cc/PRD5-9MB5,
https://heliumtrades.com/media-bias/daily-signal,success,,Daily Signal Media Bias | Helium Trades,https://perma.cc/336Z-DCYP,
https://heliumtrades.com/media-bias/mlb.com,success,,mlb.com Media Bias | Helium Trades,https://perma.cc/WJ87-PVMZ,
https://heliumtrades.com/media-bias/wired,success,,Wired Media Bias | Helium Trades,https://perma.cc/J3WR-TMUN,
https://heliumtrades.com/media-bias/buzz-feed,success,,Buzz Feed Media Bias | Helium Trades,https://perma.cc/8G67-8H2S,
https://heliumtrades.com/media-bias/stltoday.com,success,,stltoday.com Media Bias | Helium Trades,https://perma.cc/SR7E-X7BN,
https://heliumtrades.com/media-bias/triblive.com,success,,triblive.com Media Bias | Helium Trades,https://perma.cc/RJ5V-YPL6,
https://heliumtrades.com/media-bias/weekly-standard,success,,Weekly Standard Media Bias | Helium Trades,https://perma.cc/JBX6-B3NN,
https://heliumtrades.com/sources/,success,,Helium Feed News Sources | Politically Balanced News Feed,https://perma.cc/AAX3-JKND,
https://heliumtrades.com/media-bias/the-wall-street-journal,success,,"Russian court detains Wall Street Journal reporter, Evan Gershkovich, on espionage charges until August 30 | Helium Trades",https://perma.cc/97P4-XME9,
https://heliumtrades.com/media-bias/reuters,success,,Reuters Media Bias | Helium Trades,https://perma.cc/2KYJ-BMJM,
https://heliumtrades.com/media-bias/american-thinker,success,,American Thinker Media Bias | Helium Trades,https://perma.cc/W2BW-CRXD,
https://heliumtrades.com/media-bias/startribune.com,success,,startribune.com Media Bias | Helium Trades,https://perma.cc/UUF4-CF5R,
https://heliumtrades.com/media-bias/the-verge,success,,The Verge Media Bias | Helium Trades,https://perma.cc/E4JQ-Q6VS,
https://heliumtrades.com/media-bias/cryptonews.com,success,,cryptonews.com Media Bias | Helium Trades,https://perma.cc/3AMA-D5Y7,
https://heliumtrades.com/media-bias/cryptonews.com,success,,cryptonews.com Media Bias | Helium Trades,https://perma.cc/6JHS-VRH5,
https://heliumtrades.com/media-bias/fox-sports,success,,Fox Sports Media Bias | Helium Trades,https://perma.cc/98YL-7K4M,
https://heliumtrades.com/media-bias/just-the-news,success,,Just the News Media Bias | Helium Trades,https://perma.cc/Z4W5-RKBN,
https://heliumtrades.com/media-bias/theathletic.com,success,,theathletic.com Media Bias | Helium Trades,https://perma.cc/9DZT-6YJD,
https://heliumtrades.com/media-bias/hindustantimes.com,success,,hindustantimes.com Media Bias | Helium Trades,https://perma.cc/97T8-RJEE,
https://heliumtrades.com/media-bias/jsonline.com,success,,jsonline.com Media Bias | Helium Trades,https://perma.cc/A5Y8-V5QB,
https://heliumtrades.com/media-bias/axios,success,,Axios Media Bias | Helium Trades,https://perma.cc/H6ZH-DME8,
https://heliumtrades.com/media-bias/clickondetroit.com,success,,clickondetroit.com Media Bias | Helium Trades,https://perma.cc/7B9H-TSM9,
https://heliumtrades.com/media-bias/tampabay.com,success,,tampabay.com Media Bias | Helium Trades,https://perma.cc/5KTJ-5FMG,
https://heliumtrades.com/media-bias/nola.com,success,,nola.com Media Bias | Helium Trades,https://perma.cc/25JG-HXV2,
https://heliumtrades.com/media-bias/cbc.ca,success,,cbc.ca Media Bias | Helium Trades,https://perma.cc/J24S-S3BN,
https://heliumtrades.com/media-bias/audacy.com,success,,audacy.com Media Bias | Helium Trades,https://perma.cc/3SBT-ZPF8,
https://heliumtrades.com/media-bias/la-times,success,,LA Times Media Bias | Helium Trades,https://perma.cc/3V6B-G5AE,
https://heliumtrades.com/media-bias/vice,success,,Vice Media Bias | Helium Trades,https://perma.cc/8RRJ-74JX,
https://heliumtrades.com/media-bias/masslive.com,success,,masslive.com Media Bias | Helium Trades,https://perma.cc/23GB-6XAD,
https://heliumtrades.com/media-bias/the-daily-beast,success,,The Daily Beast Media Bias | Helium Trades,https://perma.cc/AVB9-C8HU,
https://heliumtrades.com/media-bias/newsweek,success,,Newsweek Media Bias | Helium Trades,https://perma.cc/VDW8-W32F,
https://heliumtrades.com/media-bias/scientific-american,success,,Scientific American Media Bias | Helium Trades,https://perma.cc/4KF6-DNUP,
https://heliumtrades.com/media-bias/gamingbible.com,success,,gamingbible.com Media Bias | Helium Trades,https://perma.cc/FU3M-ZYTL,
https://heliumtrades.com/media-bias/nj.com,success,,nj.com Media Bias | Helium Trades,https://perma.cc/4JFM-D675,
https://heliumtrades.com/media-bias/sports-illustrated,success,,Sports Illustrated Media Bias | Helium Trades,https://perma.cc/S8UE-N226,
https://heliumtrades.com/media-bias/time.com,success,,time.com Media Bias | Helium Trades,https://perma.cc/7LR6-PGUV,
https://heliumtrades.com/media-bias/variety,success,,Variety Media Bias | Helium Trades,https://perma.cc/DU79-JAQP,
https://heliumtrades.com/media-bias/the-atlantic,success,,The Atlantic Media Bias | Helium Trades,https://perma.cc/7RTJ-7CPP,
https://heliumtrades.com/media-bias/cnbc,success,,CNBC Media Bias | Helium Trades,https://perma.cc/PLV2-KGF3,
https://heliumtrades.com/media-bias/vox,success,,Vox Media Bias | Helium Trades,https://perma.cc/7JSQ-22CN,
https://heliumtrades.com/media-bias/ajc.com,success,,ajc.com Media Bias | Helium Trades,https://perma.cc/LK4Q-XJQC,
https://heliumtrades.com/media-bias/texas-tribune,success,,Texas Tribune Media Bias | Helium Trades,https://perma.cc/NT5W-XHC4,
https://heliumtrades.com/media-bias/usa-today,success,,USA Today Media Bias | Helium Trades,https://perma.cc/8TEX-978F,
https://heliumtrades.com/media-bias/news4jax.com,success,,news4jax.com Media Bias | Helium Trades,https://perma.cc/VZM9-C5EK,
https://heliumtrades.com/media-bias/detroit-free-press,success,,Detroit Free Press Media Bias | Helium Trades,https://perma.cc/2DZ4-KSA5,
https://heliumtrades.com/media-bias/cbs-sports,success,,CBS Sports Media Bias | Helium Trades,https://perma.cc/45UW-TUDU,
https://heliumtrades.com/media-bias/venturebeat,success,,VentureBeat Media Bias | Helium Trades,https://perma.cc/6QNF-QYSZ,
https://heliumtrades.com/media-bias/trendingpoliticsnews.com,success,,trendingpoliticsnews.com Media Bias | Helium Trades,https://perma.cc/EUP4-S8X3,
https://heliumtrades.com/media-bias/truthout,success,,Truthout Media Bias | Helium Trades,https://perma.cc/TS54-HTX8,
https://heliumtrades.com/media-bias/the-new-yorker,success,,The New Yorker Media Bias | Helium Trades,https://perma.cc/6UVJ-UPBM,
https://heliumtrades.com/media-bias/new-york-post,success,,New York Post Media Bias | Helium Trades,https://perma.cc/PH6B-MSY5,
https://heliumtrades.com/media-bias/pbs,success,,PBS Media Bias | Helium Trades,https://perma.cc/7W5V-2M25,
https://heliumtrades.com/media-bias/boredpanda.com,success,,boredpanda.com Media Bias | Helium Trades,https://perma.cc/WAY9-VVYW,
https://heliumtrades.com/media-bias/abc.net.au,success,,abc.net.au Media Bias | Helium Trades,https://perma.cc/U42A-XGAA,
https://heliumtrades.com/media-bias/sfchronicle.com,success,,sfchronicle.com Media Bias | Helium Trades,https://perma.cc/9ALB-BKFD,
https://heliumtrades.com/media-bias/fox5atlanta.com,success,,fox5atlanta.com Media Bias | Helium Trades,https://perma.cc/HYB2-D8ZJ,
https://heliumtrades.com/media-bias/vogue,success,,Vogue Media Bias | Helium Trades,https://perma.cc/4CZ4-QPR7,
https://heliumtrades.com/media-bias/sf-gate,success,,SF Gate Media Bias | Helium Trades,https://perma.cc/638G-4BKN,
https://heliumtrades.com/media-bias/the-guardian,success,,The Guardian Media Bias | Helium Trades,https://perma.cc/N6GB-NN5W,
https://heliumtrades.com/media-bias/nba.com,success,,nba.com Media Bias | Helium Trades,https://perma.cc/X3M2-EUWG,
https://heliumtrades.com/media-bias/live-science,success,,Live Science Media Bias | Helium Trades,https://perma.cc/PN4Y-YJJW,
https://heliumtrades.com/media-bias/business-insider,success,,Business Insider Media Bias | Helium Trades,https://perma.cc/B4SQ-59FB,
https://heliumtrades.com/media-bias/cbs,success,,CBS Media Bias | Helium Trades,https://perma.cc/3U8R-F97E,
https://heliumtrades.com/media-bias/nbcchicago.com,success,,nbcchicago.com Media Bias | Helium Trades,https://perma.cc/87YB-H439,
https://heliumtrades.com/media-bias/fox5atlanta.com,success,,fox5atlanta.com Media Bias | Helium Trades,https://perma.cc/6MCC-6UAY,
https://heliumtrades.com/media-bias/new-york-times-(opinion),success,,New York Times (Opinion) Media Bias | Helium Trades,https://perma.cc/37UF-NQCV,
https://heliumtrades.com/media-bias/macrumors.com,success,,macrumors.com Media Bias | Helium Trades,https://perma.cc/XV5X-VF3D,
https://heliumtrades.com/media-bias/9to5mac.com,success,,9to5mac.com Media Bias | Helium Trades,https://perma.cc/8JXM-EWGS,
https://heliumtrades.com/media-bias/pitchfork,success,,Pitchfork Media Bias | Helium Trades,https://perma.cc/ZFS9-8YHJ,
https://heliumtrades.com/media-bias/big-think,success,,Big Think Media Bias | Helium Trades,https://perma.cc/3H8D-YFSF,
https://heliumtrades.com/media-bias/cnn-(opinion),success,,CNN (Opinion) Media Bias | Helium Trades,https://perma.cc/85ZW-K237,
https://heliumtrades.com/media-bias/abc7ny.com,success,,abc7ny.com Media Bias | Helium Trades,https://perma.cc/QXK6-T6UP,
https://heliumtrades.com/media-bias/breitbart,success,,Breitbart Media Bias | Helium Trades,https://perma.cc/F9YP-NGA9,
https://heliumtrades.com/media-bias/democracy-now,success,,Democracy Now Media Bias | Helium Trades,https://perma.cc/66K9-NE6K,
https://heliumtrades.com/media-bias/politico,success,,Politico Media Bias | Helium Trades,https://perma.cc/LLX3-6BLV,
https://heliumtrades.com/media-bias/espn,success,,ESPN Media Bias | Helium Trades,https://perma.cc/YCY9-ZCMM,
https://heliumtrades.com/media-bias/justice.gov,success,,justice.gov Media Bias | Helium Trades,https://perma.cc/PQH6-QDYW,
https://heliumtrades.com/media-bias/the-hill,success,,The Hill Media Bias | Helium Trades,https://perma.cc/NR4T-FG82,
https://heliumtrades.com/media-bias/news.sky.com,success,,news.sky.com Media Bias | Helium Trades,https://perma.cc/F782-6TAB,
https://heliumtrades.com/media-bias/fox,success,,Fox Media Bias | Helium Trades,https://perma.cc/7T8E-QAUN,
https://heliumtrades.com/media-bias/nhl.com,success,,nhl.com Media Bias | Helium Trades,https://perma.cc/2AQ7-T42X,
https://heliumtrades.com/media-bias/gizmodo.com,success,,gizmodo.com Media Bias | Helium Trades,https://perma.cc/59F8-9H97,
https://heliumtrades.com/media-bias/washington-post-(opinion),success,,Washington Post (Opinion) Media Bias | Helium Trades,https://perma.cc/68LR-EX2X,
https://heliumtrades.com/media-bias/al-jazeera,success,,Al Jazeera Media Bias | Helium Trades,https://perma.cc/J5YL-TWX4,
https://heliumtrades.com/media-bias/comicbook.com,success,,comicbook.com Media Bias | Helium Trades,https://perma.cc/62SY-ZZKE,
https://heliumtrades.com/media-bias/abc,success,,ABC Media Bias | Helium Trades,https://perma.cc/Q2GS-QEMD,
https://heliumtrades.com/media-bias/ap,success,,AP Media Bias | Helium Trades,https://perma.cc/HQ4E-FC2V,
https://heliumtrades.com/media-bias/ksat.com,success,,ksat.com Media Bias | Helium Trades,https://perma.cc/J9B5-HLCM,
https://heliumtrades.com/media-bias/ign.com,success,,ign.com Media Bias | Helium Trades,https://perma.cc/6YAJ-ZHUB,
https://heliumtrades.com/media-bias/abc7.com,success,,abc7.com Media Bias | Helium Trades,https://perma.cc/9MAT-JHWR,
https://heliumtrades.com/media-bias/new-york-times,success,,New York Times Media Bias | Helium Trades,https://perma.cc/48CM-AGCZ,
https://heliumtrades.com/media-bias/electrek.co,success,,electrek.co Media Bias | Helium Trades,https://perma.cc/249X-C425,
https://heliumtrades.com/media-bias/science-alert,success,,Science Alert Media Bias | Helium Trades,https://perma.cc/JE3J-RYEG,
https://heliumtrades.com/media-bias/washington-post,success,,Washington Post Media Bias | Helium Trades,https://perma.cc/9FTZ-YYLZ,
https://heliumtrades.com/media-bias/al.com,success,,al.com Media Bias | Helium Trades,https://perma.cc/6WCK-GNVQ,
https://heliumtrades.com/media-bias/ndtv.com,success,,ndtv.com Media Bias | Helium Trades,https://perma.cc/3MN3-TX24,
https://heliumtrades.com/media-bias/esquire,success,,Esquire Media Bias | Helium Trades,https://perma.cc/GYG4-RV36,
https://heliumtrades.com/media-bias/mlive.com,success,,mlive.com Media Bias | Helium Trades,https://perma.cc/HM5C-KBX2,
https://heliumtrades.com/media-bias/npr,success,,NPR Media Bias | Helium Trades,https://perma.cc/PX6C-29QB,
https://heliumtrades.com/media-bias/lonely-planet,success,,Lonely Planet Media Bias | Helium Trades,https://perma.cc/BL9R-4MZK,
https://heliumtrades.com/media-bias/smithsonian,success,,Smithsonian Media Bias | Helium Trades,https://perma.cc/8Z2S-WCA3,
https://heliumtrades.com/media-bias/mirror,success,,Mirror Media Bias | Helium Trades,https://perma.cc/ENA5-9S4T,
https://heliumtrades.com/media-bias/the-blaze,success,,The Blaze Media Bias | Helium Trades,https://perma.cc/3453-JRJR,
https://heliumtrades.com/media-bias/bbc,success,,BBC Media Bias | Helium Trades,https://perma.cc/2XF9-GAP7,
https://heliumtrades.com/media-bias/kotaku,success,,Kotaku Media Bias | Helium Trades,https://perma.cc/P6U8-DNFQ,
https://heliumtrades.com/media-bias/engadget,success,,Engadget Media Bias | Helium Trades,https://perma.cc/BTP7-LQTH,
https://heliumtrades.com/media-bias/bbc.co.uk,success,,bbc.co.uk Media Bias | Helium Trades,https://perma.cc/7PWP-CRWF,
https://heliumtrades.com/media-bias/people,success,,People Media Bias | Helium Trades,https://perma.cc/N8MW-BV53,
https://heliumtrades.com/media-bias/timesofisrael.com,success,,timesofisrael.com Media Bias | Helium Trades,https://perma.cc/A2N9-3N5C,
https://heliumtrades.com/media-bias/nbc,success,,NBC Media Bias | Helium Trades,https://perma.cc/6KAM-8C4Q,
https://heliumtrades.com/media-bias/cnn,success,,CNN Media Bias | Helium Trades,https://perma.cc/X952-M3MN,
https://heliumtrades.com/media-bias/space.com,success,,space.com Media Bias | Helium Trades,https://perma.cc/WB97-KFDV,
https://heliumtrades.com/media-bias/euronews.com,success,,euronews.com Media Bias | Helium Trades,https://perma.cc/6UXU-ATQR,
https://heliumtrades.com/media-bias/tmz,success,,TMZ Media Bias | Helium Trades,https://perma.cc/3QEU-3DAR,
https://heliumtrades.com/media-bias/nasa,success,,NASA Media Bias | Helium Trades,https://perma.cc/YYP6-5P76,
https://heliumtrades.com/media-bias/grants.gov,success,,grants.gov Media Bias | Helium Trades,https://perma.cc/6MKW-RC26,
