url,status,error_message,title,perma_link
,,,,
,,,,
,,,,
,,,,
,,,,
,,,,
,,,,
,,,,
,,,,
,,,,
,,,,
,,,,
,,,,
,,,,
,,,,
,,,,
,,,,
,,,,
,,,,
,,,,
,,,,
,,,,
,,,,
,,,,
,,,,
,,,,
,,,,
,,,,
,,,,
,,,,
,,,,
,,,,
,,,,
,,,,
,,,,
https://heliumtrades.com/media-bias/reuters,success,,https://perma.cc/TN86-F8J6
https://heliumtrades.com/media-bias/coin-desk,success,,https://perma.cc/NUZ9-P6G2
https://heliumtrades.com/media-bias/mlb.com,success,,https://perma.cc/8K9F-WLE4
https://heliumtrades.com/media-bias/washington-free-beacon,success,,https://perma.cc/24NE-KHA4
https://heliumtrades.com/media-bias/engadget,success,,https://perma.cc/GA88-B2D2
https://heliumtrades.com/media-bias/nj.com,success,,https://perma.cc/G4HH-KCHW
https://heliumtrades.com/media-bias/seattle-times,success,,https://perma.cc/V2AS-E88S
https://heliumtrades.com/media-bias/nola.com,success,,https://perma.cc/M6X8-KRRE
https://heliumtrades.com/media-bias/just-the-news,success,success,,https://perma.cc/5C58-KEL2
https://heliumtrades.com/media-bias/bleacherreport.com,success,,https://perma.cc/U8JL-KQDE
https://heliumtrades.com/media-bias/sports-illustrated,success,,Sports Illustrated Media Bias | Helium Trades,https://perma.cc/8FXF-BKVK
https://heliumtrades.com/media-bias/the-verge,success,,The Verge Media Bias | Helium Trades,https://perma.cc/Z2J3-JU7T
https://heliumtrades.com/media-bias/collider.com,success,,collider.com Media Bias | Helium Trades,https://perma.cc/P55C-GVVX
https://heliumtrades.com/media-bias/newsweek,success,,Newsweek Media Bias | Helium Trades,https://perma.cc/SY4F-54VV
https://heliumtrades.com/media-bias/inquirer.com,success,,inquirer.com Media Bias | Helium Trades,https://perma.cc/XU2J-UX4V
https://heliumtrades.com/media-bias/politico,success,,Politico Media Bias | Helium Trades,https://perma.cc/BGL3-SLQJ
https://heliumtrades.com/media-bias/the-wall-street-journal,success,,The Wall Street Journal Media Bias | Helium Trades,https://perma.cc/7SVF-VHCA
https://heliumtrades.com/media-bias/snopes,success,,Snopes Media Bias | Helium Trades,https://perma.cc/7PME-B6KM
https://heliumtrades.com/media-bias/avclub.com,success,,avclub.com Media Bias | Helium Trades,https://perma.cc/DG9Z-KLNP
https://heliumtrades.com/media-bias/mlive.com,success,,mlive.com Media Bias | Helium Trades,https://perma.cc/HNY2-UGMU
https://heliumtrades.com/media-bias/wired,success,,Wired Media Bias | Helium Trades,https://perma.cc/9DU9-ZUD2
https://heliumtrades.com/media-bias/vogue,success,,Vogue Media Bias | Helium Trades,https://perma.cc/9MY3-RLNQ
https://heliumtrades.com/media-bias/cnn-(opinion),success,,CNN (Opinion) Media Bias | Helium Trades,https://perma.cc/5W6P-379S
https://heliumtrades.com/media-bias/foxsports.com,success,,foxsports.com Media Bias | Helium Trades,https://perma.cc/A3YE-FW4Y
https://heliumtrades.com/media-bias/live-science,success,,Live Science Media Bias | Helium Trades,https://perma.cc/UU7Y-6ZAG
https://heliumtrades.com/media-bias/usa-today,success,,USA Today Media Bias | Helium Trades,https://perma.cc/F6TB-TAG6
https://heliumtrades.com/media-bias/vice,success,,Vice Media Bias | Helium Trades,https://perma.cc/DFX5-7FC8
https://heliumtrades.com/media-bias/mlbtraderumors.com,success,,mlbtraderumors.com Media Bias | Helium Trades,https://perma.cc/4TFX-HZKD
https://heliumtrades.com/media-bias/mlbtraderumors.com,success,,mlbtraderumors.com Media Bias | Helium Trades,https://perma.cc/SSN4-4DBP
https://heliumtrades.com/media-bias/cbc.ca,success,,cbc.ca Media Bias | Helium Trades,https://perma.cc/P89C-RLXQ
https://heliumtrades.com/media-bias/ajc.com,success,,ajc.com Media Bias | Helium Trades,https://perma.cc/A5ZH-CM7X
https://heliumtrades.com/media-bias/gizmodo.com,success,,gizmodo.com Media Bias | Helium Trades,https://perma.cc/28JH-WZB9
https://heliumtrades.com/media-bias/foreign-affairs,success,,Foreign Affairs Media Bias | Helium Trades,https://perma.cc/D3R8-N9MZ
https://heliumtrades.com/media-bias/scientific-american,success,,Scientific American Media Bias | Helium Trades,https://perma.cc/5HBJ-RUZ3
https://heliumtrades.com/media-bias/smithsonian,success,,Smithsonian Media Bias | Helium Trades,https://perma.cc/3SGH-PSPT
https://heliumtrades.com/media-bias/axios,success,,Axios Media Bias | Helium Trades,https://perma.cc/22CZ-WSH3
https://heliumtrades.com/media-bias/the-economist,success,,The Economist Media Bias | Helium Trades,https://perma.cc/2VVK-GHWP
https://heliumtrades.com/media-bias/mother-jones,success,,Mother Jones Media Bias | Helium Trades,https://perma.cc/DZ2G-LH5J
https://heliumtrades.com/media-bias/hindustantimes.com,success,,hindustantimes.com Media Bias | Helium Trades,https://perma.cc/P4X2-5XGP
https://heliumtrades.com/media-bias/the-atlantic,success,,The Atlantic Media Bias | Helium Trades,https://perma.cc/K86P-CKU4
https://heliumtrades.com/media-bias/doaj,success,,DOAJ Media Bias | Helium Trades,https://perma.cc/LA6V-GQT7
https://heliumtrades.com/media-bias/new-york-times-(opinion),success,,New York Times (Opinion) Media Bias | Helium Trades,https://perma.cc/A3QE-QLUM
https://heliumtrades.com/media-bias/fox-business,success,,Fox Business Media Bias | Helium Trades,https://perma.cc/RUB8-8KGE
https://heliumtrades.com/media-bias/washington-post-(opinion),success,,Washington Post (Opinion) Media Bias | Helium Trades,https://perma.cc/4V2V-C9KP
https://heliumtrades.com/media-bias/audacy.com,success,,audacy.com Media Bias | Helium Trades,https://perma.cc/3FEE-Q6VD
https://heliumtrades.com/media-bias/cbs-sports,success,,CBS Sports Media Bias | Helium Trades,https://perma.cc/6G9T-THAQ
https://heliumtrades.com/media-bias/ign.com,success,,ign.com Media Bias | Helium Trades,https://perma.cc/4HZX-EKUV
https://heliumtrades.com/media-bias/pitchfork,success,,Pitchfork Media Bias | Helium Trades,https://perma.cc/XT4U-A2X2
https://heliumtrades.com/media-bias/ap,success,,AP Media Bias | Helium Trades,https://perma.cc/UP2X-WM2X
https://heliumtrades.com/media-bias/business-insider,success,,Business Insider Media Bias | Helium Trades,https://perma.cc/EY7H-2MEA
,,,Perma | abc.net.au Media Bias | Helium Trades,https://perma.cc/9XK7-NAWB
,,,Perma | NBC Sports Media Bias | Helium Trades,https://perma.cc/HU3F-UUPW
,,,The Hill Media Bias | Helium Trades,https://perma.cc/Y3PS-8SGV
,,,Perma | Fox Media Bias | Helium Trades,https://perma.cc/HK5Z-VJ9V
,,,Perma | The New Yorker Media Bias | Helium Trades,https://perma.cc/VU2Q-DRZM
,,,Perma | Breitbart Media Bias | Helium Trades,https://perma.cc/9TT5-CS5F
,,,Perma | comicbook.com Media Bias | Helium Trades,https://perma.cc/B44S-8GKE
,,,Perma | Al Jazeera Media Bias | Helium Trades,https://perma.cc/J8PH-J6TU
,,,denverbroncos.com,https://perma.cc/27L8-2X4E
,,,boredpanda.com Media Bias | Helium Trades,https://perma.cc/CB9Q-ZN6A
https://heliumtrades.com/media-bias/science-alert,success,,Science Alert Media Bias | Helium Trades,https://perma.cc/Q4LD-9N5Q
https://heliumtrades.com/media-bias/washington-post,success,,Washington Post Media Bias | Helium Trades,https://perma.cc/DSR3-S7SU
https://heliumtrades.com/media-bias/kotaku,success,,Kotaku Media Bias | Helium Trades,https://perma.cc/26WL-GP29
https://heliumtrades.com/media-bias/new-york-times,success,,New York Times Media Bias | Helium Trades,https://perma.cc/4DYN-FURN
https://heliumtrades.com/media-bias/space.com,success,,space.com Media Bias | Helium Trades,https://perma.cc/295S-46Q5
https://heliumtrades.com/media-bias/big-think,success,,Big Think Media Bias | Helium Trades,https://perma.cc/Z2F3-DB8H
https://heliumtrades.com/media-bias/buzz-feed,success,,Buzz Feed Media Bias | Helium Trades,https://perma.cc/7T3F-EV2U
https://heliumtrades.com/media-bias/entrepreneur.com,success,,entrepreneur.com Media Bias | Helium Trades,https://perma.cc/QU6H-EURH
https://heliumtrades.com/media-bias/bbc.co.uk,success,,bbc.co.uk Media Bias | Helium Trades,https://perma.cc/3QKV-R8TQ
https://heliumtrades.com/media-bias/bbc,success,,BBC Media Bias | Helium Trades,https://perma.cc/6WYD-S5ZT
https://heliumtrades.com/media-bias/cnn,success,,CNN Media Bias | Helium Trades,https://perma.cc/Z7AN-7XZ4
https://heliumtrades.com/media-bias/people,success,,People Media Bias | Helium Trades,https://perma.cc/4XTG-BTLJ
https://heliumtrades.com/media-bias/npr,success,,NPR Media Bias | Helium Trades,https://perma.cc/H46Y-74PV
https://heliumtrades.com/media-bias/the-blaze,success,,The Blaze Media Bias | Helium Trades,https://perma.cc/7ELR-Q7KK
https://heliumtrades.com/media-bias/nbc,success,,NBC Media Bias | Helium Trades,https://perma.cc/JPK6-VVGF
https://heliumtrades.com/media-bias/the-daily-wire,success,,The Daily Wire Media Bias | Helium Trades,https://perma.cc/VZ8H-UVMZ
https://heliumtrades.com/media-bias/mirror.co.uk,success,,mirror.co.uk Media Bias | Helium Trades,https://perma.cc/H6XY-CRNY
https://heliumtrades.com/media-bias/tmz,success,,TMZ Media Bias | Helium Trades,https://perma.cc/WL4C-VN4W
https://heliumtrades.com/sources/,success,,Helium Feed News Sources | Politically Balanced News Feed,https://perma.cc/8PDV-4W5Z
https://heliumtrades.com/media-bias/tapinto.net,success,,tapinto.net Media Bias | Helium Trades,https://perma.cc/KEK2-A7AB
